Name,latitude,longitude,Phylum
Insecta,28.665,84.09,Arthropoda
Insecta,28.665,84.09,Arthropoda
Insecta,28.665,84.09,Arthropoda
Insecta,29.198,82.31,Arthropoda
Insecta,29.198,82.31,Arthropoda
Insecta,29.198,82.31,Arthropoda
Insecta,29.198,82.31,Arthropoda
Insecta,27.608,83.7426,Arthropoda
Magnoliopsida,27.5909,83.7209,Arthropoda
Magnoliopsida,27.5909,83.7209,Magnoliophyta
Magnoliopsida,27.5909,83.7209,Magnoliophyta
Liliopsida,27.243,87.481,Magnoliophyta
Magnoliopsida,27.319,87.496,Magnoliophyta
Magnoliopsida,27.482,87.465,Magnoliophyta
Liliopsida,27.196,87.462,Magnoliophyta
Liliopsida,27.384,87.457,Magnoliophyta
Liliopsida,27.504,87.458,Magnoliophyta
Liliopsida,28.612,83.022,Magnoliophyta
Liliopsida,28.612,83.022,Magnoliophyta
Liliopsida,28.612,83.022,Magnoliophyta
Liliopsida,28.612,83.022,Magnoliophyta
Liliopsida,28.612,83.022,Magnoliophyta
Liliopsida,28.612,83.022,Magnoliophyta
Arachnida,28.612,83.022,Magnoliophyta
Arachnida,29.1805,82.6331,Arthropoda
Malacostraca,29.526,82.2953,Arthropoda
Magnoliopsida,26.938,87.003,Arthropoda
Insecta,26.938,87.003,Magnoliophyta
Insecta,26.938,87.003,Arthropoda
Actinopterygii,26.938,87.003,Arthropoda
Insecta,26.938,87.003,Chordata
Insecta,26.938,87.003,Arthropoda
Magnoliopsida,26.938,87.003,Arthropoda
Haplomitriopsida,26.938,87.003,Magnoliophyta
Magnoliopsida,26.938,87.003,Marchantiophyta
Insecta,26.938,87.003,Magnoliophyta
Insecta,27.71,85.31,Arthropoda
Insecta,27.7,85.33,Arthropoda
Insecta,28.4,83.6833,Arthropoda
Insecta,27.7,86.7,Arthropoda
Insecta,28.071,85.1057,Arthropoda
Insecta,28.4833,84.0167,Arthropoda
Insecta,28.4833,84.0167,Arthropoda
Insecta,28.4833,84.0167,Arthropoda
Insecta,28.4833,84.0167,Arthropoda
Insecta,28.073,85.117,Arthropoda
Insecta,27.5667,86.35,Arthropoda
Insecta,27.5667,86.35,Arthropoda
Insecta,27.6438,85.485,Arthropoda
Insecta,27.6438,85.485,Arthropoda
Insecta,27.0167,86.85,Arthropoda
Insecta,29,82.4,Arthropoda
Insecta,29.25,82.25,Arthropoda
Insecta,29.25,82.25,Arthropoda
Insecta,29.25,82.25,Arthropoda
Insecta,29.25,82.25,Arthropoda
Insecta,29.25,82.25,Arthropoda
Insecta,29.25,82.25,Arthropoda
Insecta,27.6667,85.4167,Arthropoda
Insecta,27.6,85.4,Arthropoda
Insecta,27.6,85.4,Arthropoda
Insecta,27.6,85.4,Arthropoda
Insecta,28.08,85.17,Arthropoda
Insecta,28.08,85.17,Arthropoda
Insecta,28.08,85.17,Arthropoda
Insecta,27.75,87.16,Arthropoda
Insecta,27.75,87.16,Arthropoda
Insecta,27.5996,83.7273,Arthropoda
Insecta,27.5942,83.7124,Arthropoda
Insecta,27.5909,83.7209,Arthropoda
Insecta,27.5909,83.7209,Arthropoda
Malacostraca,27.5909,83.7209,Arthropoda
Malacostraca,26.94,85.024,Arthropoda
Malacostraca,26.94,85.024,Arthropoda
Malacostraca,28.927,83.507,Arthropoda
Insecta,28.927,83.507,Arthropoda
Magnoliopsida,28.927,83.507,Arthropoda
Magnoliopsida,28.927,83.507,Magnoliophyta
Magnoliopsida,28.927,83.507,Magnoliophyta
Liliopsida,28.927,83.507,Magnoliophyta
Liliopsida,28.927,83.507,Magnoliophyta
Gastropoda,28.927,83.507,Magnoliophyta
Gastropoda,28.927,83.507,Mollusca
Gastropoda,28.927,83.507,Mollusca
Gastropoda,28.927,83.507,Mollusca
Gastropoda,28.927,83.507,Mollusca
Bivalvia,28.927,83.507,Mollusca
Actinopterygii,28.927,83.507,Mollusca
Actinopterygii,28.927,83.507,Chordata
Actinopterygii,28.927,83.507,Chordata
Actinopterygii,28.5408,81.1734,Chordata
Actinopterygii,28.3599,81.2128,Chordata
Actinopterygii,28.3688,81.2047,Chordata
Actinopterygii,28.3688,81.2047,Chordata
Insecta,28.3599,81.2128,Chordata
Insecta,28.3599,81.2128,Arthropoda
Insecta,28.3599,81.2128,Arthropoda
Insecta,28.3599,81.2128,Arthropoda
Insecta,28.3599,81.2128,Arthropoda
Insecta,28.3599,81.2128,Arthropoda
Insecta,28.3599,81.2128,Arthropoda
Bivalvia,28.3599,81.2128,Arthropoda
Gastropoda,28.3599,81.2128,Mollusca
Trematoda,27.453,87.7063,Mollusca
Trematoda,27.4353,87.7063,Platyhelminthes
Trematoda,27.4253,87.7063,Platyhelminthes
Trematoda,27.42153,87.7063,Platyhelminthes
Trematoda,27.4253,87.427063,Platyhelminthes
Trematoda,27.24153,87.71063,Platyhelminthes
Trematoda,27.4453,87.712063,Platyhelminthes
Trematoda,27.42153,87.72063,Platyhelminthes
Trematoda,27.4253,87.74063,Platyhelminthes
Magnoliopsida,27.42153,87.74063,Platyhelminthes
Magnoliopsida,27.4153,87.7063,Magnoliophyta
Magnoliopsida,27.4253,87.7063,Magnoliophyta
Magnoliopsida,27.2453,87.7063,Magnoliophyta
Magnoliopsida,27.1453,87.7063,Magnoliophyta
Magnoliopsida,27.4153,87.7063,Magnoliophyta
Magnoliopsida,27.4153,87.7063,Magnoliophyta
Magnoliopsida,27.43153,87.7063,Magnoliophyta
Magnoliopsida,27.41253,87.7063,Magnoliophyta
Magnoliopsida,27.4353,87.7063,Magnoliophyta
Bryopsida,27.44253,87.7063,Magnoliophyta
Bryopsida,27.4513,87.7063,Bryophyta
Insecta,27.453,87.7063,Bryophyta
Insecta,27.12,87.27,Arthropoda
Insecta,28.32297,83.8185,Arthropoda
Insecta,28.21297,83.8185,Arthropoda
Insecta,28.21297,83.8185,Arthropoda
Insecta,27.79,85.2714,Arthropoda
Insecta,27.7167,83.05,Arthropoda
Insecta,27.7167,83.05,Arthropoda
Insecta,27.7167,83.05,Arthropoda
Insecta,27.7167,83.05,Arthropoda
Insecta,27.7167,83.05,Arthropoda
Insecta,27.7167,83.05,Arthropoda
Reptilia,29.4667,82.1,Arthropoda
Insecta,29.4667,82.1,Chordata
Insecta,27.5888,83.7149,Arthropoda
Insecta,27.5888,83.7149,Arthropoda
Insecta,27.9491,84.396,Arthropoda
Magnoliopsida,27.5909,83.7209,Arthropoda
Liliopsida,27.497,87.466,Magnoliophyta
Liliopsida,27.18,87.435,Magnoliophyta
Arachnida,27.18,87.435,Magnoliophyta
Insecta,28.5771,82.2132,Arthropoda
Insecta,28.5771,82.2132,Arthropoda
Aves,28.5771,84.01,Arthropoda
Aves,28.5771,84.01,Chordata
Magnoliopsida,28.664,84.01,Chordata
Bivalvia,28.664,84.01,Magnoliophyta
Insecta,28.664,84.01,Mollusca
Insecta,28.664,84.01,Arthropoda
Insecta,28.664,84.01,Arthropoda
Insecta,28.664,84.01,Arthropoda
Insecta,28.664,84.01,Arthropoda
Gastropoda,28.664,84.01,Arthropoda
Gastropoda,28.664,84.01,Mollusca
Gastropoda,28.664,84.01,Mollusca
Insecta,28.664,84.01,Mollusca
Actinopterygii,28.664,84.01,Arthropoda
Actinopterygii,29.0451,81.4443,Chordata
Actinopterygii,28.6998,81.2732,Chordata
Insecta,28.5535,81.2766,Chordata
Insecta,28.5535,81.2766,Arthropoda
Insecta,28.5535,81.2766,Arthropoda
Insecta,28.5535,81.2766,Arthropoda
Insecta,28.5535,81.2766,Arthropoda
Bivalvia,28.5535,81.2766,Arthropoda
Gastropoda,28.5535,81.2766,Mollusca
Trematoda,28.043,81.6097,Mollusca
Trematoda,28.043,81.6097,Platyhelminthes
Trematoda,28.043,81.6097,Platyhelminthes
Trematoda,28.043,81.6097,Platyhelminthes
Trematoda,28.043,81.6097,Platyhelminthes
Trematoda,28.043,81.6097,Platyhelminthes
Lecanoromycetes,27.5812,84.4823,Platyhelminthes
Magnoliopsida,27.35812,84.4823,Ascomycota
Magnoliopsida,27.25812,84.4823,Magnoliophyta
Magnoliopsida,27.125812,84.4823,Magnoliophyta
Magnoliopsida,27.52812,84.4823,Magnoliophyta
Magnoliopsida,27.581212,84.4823,Magnoliophyta
Magnoliopsida,27.5812,84.4823,Magnoliophyta
Insecta,27.5812,84.4823,Magnoliophyta
Insecta,27.5812,84.4823,Arthropoda
Insecta,27.59181,86.3425,Arthropoda
Insecta,27.59181,86.3425,Arthropoda
Insecta,27.7856,86.7389,Arthropoda
Liliopsida,27.7856,86.7389,Arthropoda
Magnoliopsida,27.7856,86.7389,Magnoliophyta
Magnoliopsida,27.7856,86.7389,Magnoliophyta
Jungermanniopsida,27.7856,86.7389,Magnoliophyta
Magnoliopsida,27.7856,86.7389,Marchantiophyta
Insecta,27.7856,86.7389,Magnoliophyta
Insecta,29.06,83,Arthropoda
Insecta,29.06,83,Arthropoda
Insecta,29.06,83,Arthropoda
Insecta,27.6267,86.0883,Arthropoda
Insecta,27.5942,83.7124,Arthropoda
Insecta,27.5909,83.7209,Arthropoda
Insecta,27.5996,83.7273,Arthropoda
Insecta,27.5909,83.7209,Arthropoda
Arachnida,28.3833,85.05,Arthropoda
Insecta,28.4529,81.7446,Arthropoda
Insecta,28.4529,81.7446,Arthropoda
Malacostraca,28.4529,81.7446,Arthropoda
Malacostraca,27.911,85.54,Arthropoda
Actinopterygii,26.94,85.024,Arthropoda
Insecta,26.94,85.024,Chordata
Mammalia,26.94,85.024,Arthropoda
Aves,26.94,85.024,Chordata
Aves,26.94,85.024,Chordata
Magnoliopsida,26.94,85.024,Chordata
Liliopsida,26.94,85.024,Magnoliophyta
Magnoliopsida,26.94,85.024,Magnoliophyta
Magnoliopsida,26.94,85.024,Magnoliophyta
Bivalvia,26.94,85.024,Magnoliophyta
Gastropoda,26.94,85.024,Mollusca
Gastropoda,26.94,85.024,Mollusca
Gastropoda,26.94,85.024,Mollusca
Aves,26.94,85.024,Mollusca
Insecta,26.94,85.024,Chordata
Gastropoda,29.369,82.153,Arthropoda
Gastropoda,27.35,87.68,Mollusca
Insecta,29.4797,81.1278,Mollusca
Gastropoda,29.4797,81.1278,Arthropoda
Actinopterygii,29.4797,81.1278,Mollusca
Actinopterygii,28.5408,81.1734,Chordata
Actinopterygii,28.9328,81.4236,Chordata
Actinopterygii,28.5535,81.2766,Chordata
Chromadorea,28.5535,81.2766,Chordata
Insecta,27.628,85.276,Nematoda
Insecta,27.628,85.276,Arthropoda
Insecta,27.628,85.276,Arthropoda
Insecta,27.628,85.276,Arthropoda
Aves,27.628,85.276,Arthropoda
Insecta,27.628,85.276,Chordata
Insecta,27.628,85.276,Arthropoda
Trematoda,27.628,85.276,Arthropoda
Trematoda,27.628,85.276,Platyhelminthes
Trematoda,27.628,85.276,Platyhelminthes
Trematoda,27.628,85.276,Platyhelminthes
Ascomycota_class_incertae_sedis,27.628,85.276,Platyhelminthes
Magnoliopsida,27.628,85.276,Ascomycota
Magnoliopsida,27.628,85.276,Magnoliophyta
Magnoliopsida,27.628,85.276,Magnoliophyta
Magnoliopsida,27.628,85.276,Magnoliophyta
Insecta,27.628,85.276,Magnoliophyta
Bryopsida,27.628,85.276,Arthropoda
Magnoliopsida,27.628,85.276,Bryophyta
Bryopsida,27.628,85.276,Magnoliophyta
Bryopsida,27.628,85.276,Bryophyta
Magnoliopsida,27.628,85.276,Bryophyta
Magnoliopsida,27.628,85.276,Magnoliophyta
Jungermanniopsida,27.628,85.276,Magnoliophyta
Jungermanniopsida,27.628,85.276,Marchantiophyta
Insecta,27.628,85.276,Marchantiophyta
Magnoliopsida,28.3352,85.843,Arthropoda
Bryopsida,27.8619,83.5443,Magnoliophyta
Insecta,27.8619,83.5443,Bryophyta
Insecta,27.8619,83.5443,Arthropoda
Insecta,27.8619,83.5443,Arthropoda
Insecta,27.8619,83.5443,Arthropoda
Insecta,29.3373,82.3868,Arthropoda
Insecta,29.198,82.31,Arthropoda
Insecta,27.5909,83.7209,Arthropoda
Lycopodiopsida,27.5909,83.7209,Arthropoda
Arachnida,27.352,87.475,Lycopodiophyta
Insecta,28.2959,82.0413,Arthropoda
Malacostraca,27.759,85.154,Arthropoda
Malacostraca,27.911,85.54,Arthropoda
Reptilia,27.911,85.54,Arthropoda
Insecta,27.911,85.54,Chordata
Mammalia,27.911,85.54,Arthropoda
Bivalvia,27.911,85.54,Chordata
Gastropoda,27.911,85.54,Mollusca
Gastropoda,27.911,85.54,Mollusca
Bivalvia,27.911,85.54,Mollusca
Chromadorea,27.911,85.54,Mollusca
Actinopterygii,27.911,85.54,Nematoda
Actinopterygii,27.911,85.54,Chordata
Actinopterygii,28.6932,81.2702,Chordata
Actinopterygii,28.3599,81.2128,Chordata
Actinopterygii,29.0451,81.4443,Chordata
Actinopterygii,29.0451,81.4443,Chordata
Actinopterygii,28.976,81.4208,Chordata
Actinopterygii,28.976,81.4208,Chordata
Insecta,28.5408,81.1734,Chordata
Insecta,28.5408,81.1734,Arthropoda
Insecta,28.5408,81.1734,Arthropoda
Insecta,28.5408,81.1734,Arthropoda
Insecta,28.5408,81.1734,Arthropoda
Insecta,28.5408,81.1734,Arthropoda
Insecta,28.5408,81.1734,Arthropoda
Trematoda,28.5408,81.1734,Arthropoda
Trematoda,28.5408,81.1734,Platyhelminthes
Trematoda,28.5408,81.1734,Platyhelminthes
Trematoda,28.5408,81.1734,Platyhelminthes
Trematoda,28.5408,81.1734,Platyhelminthes
Trematoda,28.5408,81.1734,Platyhelminthes
Trematoda,28.5408,81.1734,Platyhelminthes
Trematoda,28.5408,81.1734,Platyhelminthes
Trematoda,28.5408,81.1734,Platyhelminthes
Trematoda,28.5408,81.1734,Platyhelminthes
Trematoda,28.5408,81.1734,Platyhelminthes
Trematoda,28.5408,81.1734,Platyhelminthes
Agaricomycetes,28.5408,81.1734,Platyhelminthes
Marchantiopsida,28.5408,81.1734,Basidiomycota
Magnoliopsida,28.5408,81.1734,Marchantiophyta
Magnoliopsida,28.5408,81.1734,Magnoliophyta
Insecta,28.5408,81.1734,Magnoliophyta
Insecta,29.97,81.8,Arthropoda
Insecta,27.7,86.7,Arthropoda
Insecta,27.7,86.7,Arthropoda
Insecta,27.7,86.7,Arthropoda
Magnoliopsida,28.071,85.106,Arthropoda
Magnoliopsida,28.071,85.106,Magnoliophyta
Insecta,28.071,85.106,Magnoliophyta
Insecta,28.071,85.106,Arthropoda
Insecta,28.1333,85.1333,Arthropoda
Insecta,28.668,84.0123,Arthropoda
Insecta,27.15,86.37,Arthropoda
Insecta,29.25,82.25,Arthropoda
Insecta,29.25,82.25,Arthropoda
Insecta,29.25,82.25,Arthropoda
Insecta,29.25,82.25,Arthropoda
Insecta,28.64,81.62,Arthropoda
Insecta,27.58,85,Arthropoda
Insecta,27.58,85,Arthropoda
Insecta,27.58,85,Arthropoda
Insecta,28.1833,85.3167,Arthropoda
Insecta,29.7644,82.5371,Arthropoda
Insecta,27.608,83.7426,Arthropoda
Insecta,27.5888,83.7149,Arthropoda
Insecta,27.5942,83.7124,Arthropoda
Insecta,27.9473,84.3936,Arthropoda
Insecta,27.5909,83.7209,Arthropoda
Insecta,27.5909,83.7209,Arthropoda
Liliopsida,27.5996,83.7273,Arthropoda
Magnoliopsida,27.5996,83.7273,Magnoliophyta
Magnoliopsida,27.5996,83.7273,Magnoliophyta
Magnoliopsida,27.465,87.464,Magnoliophyta
Magnoliopsida,27.503,87.459,Magnoliophyta
Magnoliopsida,27.41,87.446,Magnoliophyta
Magnoliopsida,27.25,87.483,Magnoliophyta
Magnoliopsida,27.196,87.462,Magnoliophyta
Liliopsida,27.176,87.425,Magnoliophyta
Magnoliopsida,27.244,87.481,Magnoliophyta
Magnoliopsida,27.292,87.512,Magnoliophyta
Magnoliopsida,27.499,87.465,Magnoliophyta
Liliopsida,27.297,87.516,Magnoliophyta
Magnoliopsida,27.14,87.408,Magnoliophyta
Magnoliopsida,27.504,87.456,Magnoliophyta
Liliopsida,27.41,87.446,Magnoliophyta
Malacostraca,27.348,87.478,Magnoliophyta
Sordariomycetes,26.94,85.024,Arthropoda
Insecta,26.94,85.024,Ascomycota
Insecta,26.94,85.024,Arthropoda
Trematoda,26.94,85.024,Arthropoda
Trematoda,26.94,85.024,Platyhelminthes
Magnoliopsida,27.6166,83.097,Platyhelminthes
Magnoliopsida,27.6166,83.097,Magnoliophyta
Magnoliopsida,27.6166,83.097,Magnoliophyta
Magnoliopsida,27.6166,83.097,Magnoliophyta
Insecta,27.6166,83.097,Magnoliophyta
Insecta,27.78,86.23,Arthropoda
Insecta,27.78,86.23,Arthropoda
Insecta,27.542,85.392,Arthropoda
Insecta,27.542,85.392,Arthropoda
Insecta,27.7,86.7,Arthropoda
Insecta,27.7,86.7,Arthropoda
Insecta,27.7,86.7,Arthropoda
Insecta,27.7,86.7,Arthropoda
Insecta,27.7,86.7,Arthropoda
Insecta,28.1667,85.2833,Arthropoda
Insecta,27.5726,85.3861,Arthropoda
Insecta,27.72,85.52,Arthropoda
Insecta,27.67,85.3524,Arthropoda
Insecta,29,82.4,Arthropoda
Insecta,29.25,82.25,Arthropoda
Insecta,27.09,87.27,Arthropoda
Insecta,27.32,87.52,Arthropoda
Insecta,27.32,87.52,Arthropoda
Insecta,27.32,87.52,Arthropoda
Insecta,27.32,87.52,Arthropoda
Insecta,27.32,87.52,Arthropoda
Insecta,27.817,85.25,Arthropoda
Insecta,27.6333,86.25,Arthropoda
Insecta,27.5918,86.3265,Arthropoda
Insecta,27.5918,86.3265,Arthropoda
Insecta,27.5918,86.3265,Arthropoda
Insecta,27.7897,86.7249,Arthropoda
Insecta,27.7897,86.7249,Arthropoda
Insecta,29.1749,82.1748,Arthropoda
Insecta,29.1749,82.1748,Arthropoda
Insecta,29.4667,82.1,Arthropoda
Insecta,27.608,83.7426,Arthropoda
Insecta,27.608,83.7426,Arthropoda
Insecta,27.5909,83.7209,Arthropoda
Insecta,27.5888,83.7149,Arthropoda
Insecta,27.5888,83.7149,Arthropoda
Insecta,27.5909,83.7209,Arthropoda
Insecta,27.6497,84.352,Arthropoda
Insecta,27.5908,83.721,Arthropoda
Insecta,27.5909,83.7209,Arthropoda
Insecta,27.5909,83.7209,Arthropoda
Insecta,27.5996,83.7273,Arthropoda
Insecta,27.5996,83.7273,Arthropoda
Insecta,27.5996,83.7273,Arthropoda
Malacostraca,27.5996,83.7273,Arthropoda
Insecta,28.927,83.507,Arthropoda
Mammalia,28.927,83.507,Arthropoda
Mammalia,28.927,83.507,Chordata
Aves,28.927,83.507,Chordata
Magnoliopsida,28.927,83.507,Chordata
Insecta,28.927,83.507,Magnoliophyta
Insecta,28.927,83.507,Arthropoda
Insecta,28.927,83.507,Arthropoda
Insecta,28.927,83.507,Arthropoda
Insecta,28.927,83.507,Arthropoda
Gastropoda,28.927,83.507,Arthropoda
Insecta,28.927,83.507,Mollusca
Chromadorea,28.927,83.507,Arthropoda
Actinopterygii,28.927,83.507,Nematoda
Actinopterygii,28.5408,81.1734,Chordata
Insecta,28.5408,81.1734,Chordata
Insecta,28.5408,81.1734,Arthropoda
Insecta,28.5408,81.1734,Arthropoda
Insecta,28.5408,81.1734,Arthropoda
Gastropoda,28.5408,81.1734,Arthropoda
Cestoda,27.65,85.15,Mollusca
Magnoliopsida,27.65,85.15,Platyhelminthes
Magnoliopsida,27.65,85.15,Magnoliophyta
Insecta,27.65,85.15,Magnoliophyta
Insecta,28.1833,83.9,Arthropoda
Insecta,28.3,83.8167,Arthropoda
Insecta,28.1833,85.2167,Arthropoda
Insecta,28.2333,84.3833,Arthropoda
Insecta,28.2333,84.3833,Arthropoda
Insecta,27.7772,86.1786,Arthropoda
Insecta,28.4,83.683,Arthropoda
Insecta,27.5726,85.3861,Arthropoda
Insecta,27.5726,85.3861,Arthropoda
Bryopsida,27.5726,85.3861,Arthropoda
Insecta,27.5726,85.3861,Bryophyta
Insecta,27.5726,85.3861,Arthropoda
Insecta,28.1667,85.2167,Arthropoda
Insecta,28.1775,85.3925,Arthropoda
Insecta,28.1775,85.3925,Arthropoda
Insecta,27.7517,85.3044,Arthropoda
Insecta,27.7517,85.3044,Arthropoda
Insecta,27.7517,85.3044,Arthropoda
Insecta,27.6102,86.2925,Arthropoda
Insecta,27.6102,86.2925,Arthropoda
Insecta,27.7897,86.7249,Arthropoda
Insecta,28.742,83.8,Arthropoda
Insecta,28.742,83.8,Arthropoda
Insecta,27.64,87.21,Arthropoda
Insecta,28.064,81.62,Arthropoda
Insecta,28.064,81.62,Arthropoda
Insecta,28.064,81.62,Arthropoda
Insecta,28.064,81.62,Arthropoda
Mammalia,29.467,82.1,Arthropoda
Insecta,28.6,83.65,Chordata
Insecta,27.967,85,Arthropoda
Insecta,27.608,83.7426,Arthropoda
Insecta,27.608,83.7426,Arthropoda
Insecta,27.5942,83.7124,Arthropoda
Insecta,27.5942,83.7124,Arthropoda
Insecta,27.5888,83.7149,Arthropoda
Insecta,27.5909,83.7209,Arthropoda
Insecta,27.5888,83.7149,Arthropoda
Insecta,28.2197,83.9705,Arthropoda
Insecta,27.5909,83.7209,Arthropoda
Insecta,27.5996,83.7273,Arthropoda
Insecta,27.5996,83.7273,Arthropoda
Insecta,27.5909,83.7209,Arthropoda
Magnoliopsida,27.5996,83.7273,Arthropoda
Magnoliopsida,27.5996,83.7273,Magnoliophyta
Liliopsida,27.503,87.464,Magnoliophyta
Reptilia,27.458,87.46,Magnoliophyta
Magnoliopsida,29.3846,83.0828,Chordata
Insecta,29.3846,83.0828,Magnoliophyta
Trematoda,29.3846,83.0828,Arthropoda
Actinopterygii,29.3846,83.0828,Platyhelminthes
Insecta,28.976,81.4208,Chordata
Insecta,29.9394,80.9056,Arthropoda
Gastropoda,29.9394,80.9056,Arthropoda
Agaricomycetes,28.066,81.7039,Mollusca
Magnoliopsida,28.47,83.48,Basidiomycota
Insecta,28.47,83.48,Magnoliophyta
Insecta,27.71,85.31,Arthropoda
Insecta,27.71,85.31,Arthropoda
Insecta,28.4,83.6,Arthropoda
Insecta,28.4,83.6,Arthropoda
Insecta,27.5259,85.4131,Arthropoda
Insecta,27.5259,85.4131,Arthropoda
Insecta,27.5259,85.4131,Arthropoda
Insecta,27.5259,85.4131,Arthropoda
Insecta,27.9667,85,Arthropoda
Insecta,28.35,83.7,Arthropoda
Magnoliopsida,28.35,83.7,Arthropoda
Jungermanniopsida,28.35,83.7,Magnoliophyta
Magnoliopsida,28.35,83.7,Marchantiophyta
Magnoliopsida,28.35,83.7,Magnoliophyta
Jungermanniopsida,28.35,83.7,Magnoliophyta
Insecta,28.35,83.7,Marchantiophyta
Oomycota,28.1167,85.35,Arthropoda
Insecta,28.1167,85.35,Heterokontophyta
Insecta,27.21,87.37,Arthropoda
Insecta,29,82.4,Arthropoda
Insecta,29,82.4,Arthropoda
Insecta,27.05,87.467,Arthropoda
Insecta,28.25,84.0167,Arthropoda
Insecta,27.12,87.27,Arthropoda
Insecta,27.12,87.27,Arthropoda
Insecta,27.12,87.27,Arthropoda
Mammalia,28.1567,85.2385,Arthropoda
Insecta,28.383,83.733,Chordata
Insecta,28.75,83.75,Arthropoda
Insecta,27.6,85.4,Arthropoda
Insecta,27.6,85.4,Arthropoda
Insecta,27.7897,86.7249,Arthropoda
Insecta,28.767,83.767,Arthropoda
Insecta,27.78,87.12,Arthropoda
Insecta,27.58,85,Arthropoda
Insecta,27.58,85,Arthropoda
Insecta,28.15,81.78,Arthropoda
Chromadorea,27.5909,83.7209,Arthropoda
Insecta,27.628,85.276,Nematoda
Insecta,27.5996,83.7273,Arthropoda
Insecta,27.9479,84.3943,Arthropoda
Insecta,27.5909,83.7209,Arthropoda
Insecta,27.5996,83.7273,Arthropoda
Magnoliopsida,27.5996,83.7273,Arthropoda
Magnoliopsida,27.497,87.467,Magnoliophyta
Liliopsida,27.487,87.464,Magnoliophyta
Magnoliopsida,27.328,87.494,Magnoliophyta
Agaricomycetes,27.503,87.456,Magnoliophyta
Malacostraca,27.503,87.456,Basidiomycota
Mammalia,28.927,83.507,Arthropoda
Mammalia,28.927,83.507,Chordata
Aves,28.927,83.507,Chordata
Magnoliopsida,28.927,83.507,Chordata
Bivalvia,28.927,83.507,Magnoliophyta
Insecta,28.927,83.507,Mollusca
Gastropoda,28.927,83.507,Arthropoda
Gastropoda,28.927,83.507,Mollusca
Gastropoda,28.927,83.507,Mollusca
Gastropoda,28.927,83.507,Mollusca
Insecta,28.9639,80.1867,Mollusca
Actinopterygii,28.9639,80.1867,Arthropoda
Actinopterygii,28.9639,80.1867,Chordata
Actinopterygii,28.9639,80.1867,Chordata
Actinopterygii,28.9777,81.581,Chordata
Chromadorea,29.0403,81.44,Chordata
Insecta,27.628,85.276,Nematoda
Insecta,27.628,85.276,Arthropoda
Insecta,27.628,85.276,Arthropoda
Cestoda,27.628,85.276,Arthropoda
Magnoliopsida,27.628,85.276,Platyhelminthes
Jungermanniopsida,27.628,85.276,Magnoliophyta
Magnoliopsida,27.628,85.276,Marchantiophyta
Magnoliopsida,27.628,85.276,Magnoliophyta
Magnoliopsida,27.628,85.276,Magnoliophyta
Magnoliopsida,27.628,85.276,Magnoliophyta
Insecta,27.628,85.276,Magnoliophyta
Insecta,27.6,85.4,Arthropoda
Insecta,27.6,85.4,Arthropoda
Insecta,28.4,83.6,Arthropoda
Insecta,28.4,83.6,Arthropoda
Insecta,28.4,83.6,Arthropoda
Insecta,28.4,83.6,Arthropoda
Insecta,28.4,83.6,Arthropoda
Insecta,28.4,83.6,Arthropoda
Insecta,28.4,83.6,Arthropoda
Insecta,28.35,83.7,Arthropoda
Liliopsida,28.35,83.7,Arthropoda
Magnoliopsida,28.35,83.7,Magnoliophyta
Magnoliopsida,28.35,83.7,Magnoliophyta
Magnoliopsida,28.35,83.7,Magnoliophyta
Insecta,28.35,83.7,Magnoliophyta
Insecta,28.22,83.43,Arthropoda
Insecta,29.25,82.25,Arthropoda
Insecta,29.25,82.25,Arthropoda
Insecta,29.25,82.25,Arthropoda
Insecta,29.25,82.25,Arthropoda
Insecta,29.25,82.25,Arthropoda
Insecta,29.25,82.25,Arthropoda
Insecta,29.25,82.25,Arthropoda
Insecta,28.34,83.5,Arthropoda
Insecta,29.4667,82.1,Arthropoda
Insecta,29.72,80.77,Arthropoda
Insecta,27.5996,83.7273,Arthropoda
Insecta,27.5888,83.7149,Arthropoda
Insecta,27.5888,83.7149,Arthropoda
Insecta,28.2144,83.967,Arthropoda
Insecta,27.5909,83.7209,Arthropoda
Magnoliopsida,27.5996,83.7273,Arthropoda
Magnoliopsida,27.5996,83.7273,Magnoliophyta
Magnoliopsida,27.256,87.488,Magnoliophyta
Magnoliopsida,27.37,87.461,Magnoliophyta
Insecta,27.37,87.461,Magnoliophyta
Insecta,27.37,87.461,Arthropoda
Mammalia,27.37,87.461,Arthropoda
Mammalia,27.37,87.461,Chordata
Aves,27.37,87.461,Chordata
Insecta,27.37,87.461,Chordata
Insecta,27.37,87.461,Arthropoda
Insecta,27.37,87.461,Arthropoda
Insecta,27.37,87.461,Arthropoda
Gastropoda,27.37,87.461,Arthropoda
Bivalvia,27.37,87.461,Mollusca
Bivalvia,27.37,87.461,Mollusca
Gastropoda,27.37,87.461,Mollusca
Insecta,28.9639,80.1867,Mollusca
Actinopterygii,28.9639,80.1867,Arthropoda
Insecta,29.0403,81.44,Chordata
Insecta,29.0403,81.44,Arthropoda
Insecta,29.0403,81.44,Arthropoda
Insecta,29.0403,81.44,Arthropoda
Insecta,29.0403,81.44,Arthropoda
Insecta,29.0403,81.44,Arthropoda
Insecta,29.0403,81.44,Arthropoda
Insecta,29.0403,81.44,Arthropoda
Insecta,27.8986,86.0628,Arthropoda
Cestoda,27.8986,86.0628,Arthropoda
Magnoliopsida,27.8986,86.0628,Platyhelminthes
Magnoliopsida,27.8986,86.0628,Magnoliophyta
Magnoliopsida,27.8986,86.0628,Magnoliophyta
Magnoliopsida,27.8986,86.0628,Magnoliophyta
Insecta,27.8986,86.0628,Magnoliophyta
Insecta,28.0594,85.0897,Arthropoda
Insecta,28.3333,83.75,Arthropoda
Insecta,28.3333,83.75,Arthropoda
Insecta,28.3333,83.75,Arthropoda
Magnoliopsida,28.1333,85.1833,Arthropoda
Jungermanniopsida,28.1333,85.1833,Magnoliophyta
Bryopsida,28.1333,85.1833,Marchantiophyta
Magnoliopsida,28.1333,85.1833,Bryophyta
Jungermanniopsida,28.1333,85.1833,Magnoliophyta
Jungermanniopsida,28.1333,85.1833,Marchantiophyta
Insecta,28.1333,85.1833,Marchantiophyta
Insecta,29.25,82.25,Arthropoda
Bryopsida,29.25,82.25,Arthropoda
Insecta,29.25,82.25,Bryophyta
Insecta,28.13,83.59,Arthropoda
Insecta,27.32,87.52,Arthropoda
Insecta,27.48,85.58,Arthropoda
Insecta,27.48,85.58,Arthropoda
Insecta,27.48,85.58,Arthropoda
Insecta,27.7012,85.9373,Arthropoda
Insecta,27.7012,85.9373,Arthropoda
Insecta,28.09,85.12,Arthropoda
Insecta,27.78,87.12,Arthropoda
Mammalia,29.2013,82.308,Arthropoda
Insecta,28.333,83.75,Chordata
Chromadorea,27.608,83.7426,Arthropoda
Insecta,27.628,85.276,Nematoda
Insecta,27.5909,83.7209,Arthropoda
Insecta,27.5909,83.7209,Arthropoda
Insecta,27.5909,83.7209,Arthropoda
Insecta,27.5909,83.7209,Arthropoda
Magnoliopsida,27.5996,83.7273,Arthropoda
Magnoliopsida,27.319,87.496,Magnoliophyta
Insecta,27.487,87.464,Magnoliophyta
Malacostraca,27.487,87.464,Arthropoda
Malacostraca,27.911,85.54,Arthropoda
Insecta,27.911,85.54,Arthropoda
Mammalia,27.911,85.54,Arthropoda
Mammalia,27.911,85.54,Chordata
Magnoliopsida,27.911,85.54,Chordata
Magnoliopsida,27.911,85.54,Magnoliophyta
Magnoliopsida,27.911,85.54,Magnoliophyta
Gastropoda,27.911,85.54,Magnoliophyta
Actinopterygii,29.5569,81.2067,Mollusca
Actinopterygii,28.3688,81.2047,Chordata
Actinopterygii,29.1262,81.576,Chordata
Insecta,28.3599,81.2128,Chordata
Insecta,28.3599,81.2128,Arthropoda
Insecta,28.3599,81.2128,Arthropoda
Insecta,28.3599,81.2128,Arthropoda
Cestoda,28.3599,81.2128,Arthropoda
Liliopsida,28.3599,81.2128,Platyhelminthes
Polypodiopsida,28.3599,81.2128,Magnoliophyta
Polypodiopsida,28.3599,81.2128,Pteridophyta
Magnoliopsida,28.3599,81.2128,Pteridophyta
Magnoliopsida,28.3599,81.2128,Magnoliophyta
Insecta,28.3599,81.2128,Magnoliophyta
Insecta,27.9167,84.4333,Arthropoda
Insecta,27.975,85.0964,Arthropoda
Insecta,28.15,85.25,Arthropoda
Insecta,28.1667,85.2833,Arthropoda
Insecta,28.1667,85.2833,Arthropoda
Insecta,28.1667,85.2833,Arthropoda
Insecta,28.1667,85.2833,Arthropoda
Insecta,28.1667,85.2833,Arthropoda
Insecta,28.1667,85.2833,Arthropoda
Insecta,28.1667,85.2833,Arthropoda
Insecta,28.1667,85.2833,Arthropoda
Insecta,27.6342,85.3833,Arthropoda
Insecta,27.6342,85.3833,Arthropoda
Insecta,27.9667,85,Arthropoda
Magnoliopsida,27.9667,85,Arthropoda
Magnoliopsida,27.9667,85,Magnoliophyta
Magnoliopsida,27.9667,85,Magnoliophyta
Insecta,27.9667,85,Magnoliophyta
Insecta,27.14,86.39,Arthropoda
Insecta,29,82.4,Arthropoda
Insecta,27.6,85.42,Arthropoda
Bryopsida,28.2,83.95,Arthropoda
Insecta,28.2,83.95,Bryophyta
Insecta,28.1,85.14,Arthropoda
Insecta,28.1,85.14,Arthropoda
Insecta,28.1,85.14,Arthropoda
Insecta,27.21,87.37,Arthropoda
Insecta,27.21,87.37,Arthropoda
Insecta,27.6102,86.2925,Arthropoda
Insecta,27.2,85.54,Arthropoda
Insecta,27.57,86.799,Arthropoda
Insecta,27.5708,85.4067,Arthropoda
Insecta,29.39,82.39,Arthropoda
Insecta,27.9167,85.75,Arthropoda
Insecta,27.5942,83.7124,Arthropoda
Pinopsida,27.5942,83.7124,Arthropoda
Insecta,27.5942,83.7124,Pinophyta
Insecta,27.5909,83.7209,Arthropoda
Insecta,27.5909,83.7209,Arthropoda
Insecta,27.5909,83.7209,Arthropoda
Insecta,27.5909,83.7209,Arthropoda
Insecta,27.5909,83.7209,Arthropoda
Magnoliopsida,27.5996,83.7273,Arthropoda
Magnoliopsida,27.362,87.47,Magnoliophyta
Magnoliopsida,27.452,87.46,Magnoliophyta
Liliopsida,27.504,87.458,Magnoliophyta
Agaricomycetes,27.504,87.458,Magnoliophyta
Agaricomycetes,27.504,87.458,Basidiomycota
Insecta,27.504,87.458,Basidiomycota
Insecta,27.706,85.316,Arthropoda
Malacostraca,27.706,85.316,Arthropoda
Malacostraca,27.017,87.98,Arthropoda
Insecta,27.911,85.54,Arthropoda
Mammalia,27.911,85.54,Arthropoda
Mammalia,27.911,85.54,Chordata
Liliopsida,27.911,85.54,Chordata
Bivalvia,27.911,85.54,Magnoliophyta
Insecta,27.911,85.54,Mollusca
Aves,27.911,85.54,Arthropoda
Bivalvia,27.911,85.54,Chordata
Gastropoda,27.911,85.54,Mollusca
Actinopterygii,27.5969,85.3791,Mollusca
Actinopterygii,28.6998,81.2732,Chordata
Chromadorea,28.5408,81.1734,Chordata
Insecta,27.628,85.276,Nematoda
Insecta,27.628,85.276,Arthropoda
Insecta,28.97,82.85,Arthropoda
Insecta,27.7,86.5833,Arthropoda
Cestoda,27.7,86.5833,Arthropoda
Cestoda,27.7,86.5833,Platyhelminthes
Magnoliopsida,27.7,86.5833,Platyhelminthes
Marchantiopsida,27.7,86.5833,Magnoliophyta
Marchantiopsida,27.7,86.5833,Marchantiophyta
Marchantiopsida,27.7,86.5833,Marchantiophyta
Magnoliopsida,27.7,86.5833,Marchantiophyta
Magnoliopsida,27.7,86.5833,Magnoliophyta
Magnoliopsida,27.7,86.5833,Magnoliophyta
Insecta,27.7,86.5833,Magnoliophyta
Insecta,28.77,83.7,Arthropoda
Insecta,28.77,83.7,Arthropoda
Insecta,28.1537,85.2386,Arthropoda
Insecta,28.4833,84.0167,Arthropoda
Insecta,28.4833,84.0167,Arthropoda
Insecta,28.4833,84.0167,Arthropoda
Insecta,28.4167,83.6833,Arthropoda
Insecta,27.7793,86.1615,Arthropoda
Magnoliopsida,27.7,85.3,Arthropoda
Bryopsida,27.7,85.3,Magnoliophyta
Magnoliopsida,27.7,85.3,Bryophyta
Insecta,27.7,85.3,Magnoliophyta
Insecta,27.27,87.53,Arthropoda
Insecta,28.22,83.43,Arthropoda
Insecta,28.22,83.43,Arthropoda
Amphibia,27.7897,86.7249,Arthropoda
Insecta,27.7897,86.7249,Chordata
Insecta,29.467,82.1,Arthropoda
Insecta,27.717,85.321,Arthropoda
Insecta,27.5942,83.7124,Arthropoda
Insecta,27.5909,83.7209,Arthropoda
Insecta,27.5909,83.7209,Arthropoda
Insecta,27.5996,83.7273,Arthropoda
Insecta,27.5909,83.7209,Arthropoda
Insecta,27.5996,83.7273,Arthropoda
Insecta,27.5996,83.7273,Arthropoda
Magnoliopsida,27.5996,83.7273,Arthropoda
Magnoliopsida,27.443,87.459,Magnoliophyta
Insecta,27.256,87.488,Magnoliophyta
Malacostraca,27.256,87.488,Arthropoda
Malacostraca,27.911,85.54,Arthropoda
Mammalia,26.94,85.024,Arthropoda
Mammalia,26.94,85.024,Chordata
Mammalia,26.94,85.024,Chordata
Aves,26.94,85.024,Chordata
Magnoliopsida,26.94,85.024,Chordata
Magnoliopsida,26.94,85.024,Magnoliophyta
Insecta,26.94,85.024,Magnoliophyta
Insecta,26.94,85.024,Arthropoda
Insecta,26.94,85.024,Arthropoda
Insecta,26.94,85.024,Arthropoda
Actinopterygii,26.94,85.024,Arthropoda
Actinopterygii,28.3599,81.2128,Chordata
Actinopterygii,29.1262,81.576,Chordata
Actinopterygii,28.3688,81.2047,Chordata
Chromadorea,28.3688,81.2047,Chordata
Insecta,27.628,85.276,Nematoda
Insecta,27.628,85.276,Arthropoda
Insecta,27.628,85.276,Arthropoda
Mammalia,27.628,85.276,Arthropoda
Insecta,27.628,85.276,Chordata
Bivalvia,27.628,85.276,Arthropoda
Cestoda,27.628,85.276,Mollusca
Magnoliopsida,27.628,85.276,Platyhelminthes
Magnoliopsida,27.628,85.276,Magnoliophyta
Magnoliopsida,27.628,85.276,Magnoliophyta
Magnoliopsida,27.628,85.276,Magnoliophyta
Insecta,27.628,85.276,Magnoliophyta
Insecta,28.1667,85.2,Arthropoda
Insecta,28.1667,85.2,Arthropoda
Insecta,28.1667,85.2,Arthropoda
Insecta,28.1667,85.2,Arthropoda
Insecta,28.1667,85.2,Arthropoda
Insecta,28.4306,83.6833,Arthropoda
Insecta,28.3333,83.7333,Arthropoda
Insecta,28.3333,83.7333,Arthropoda
Insecta,27.72,85.52,Arthropoda
Insecta,28.35,83.7,Arthropoda
Liliopsida,28.35,83.7,Arthropoda
Magnoliopsida,28.35,83.7,Magnoliophyta
Magnoliopsida,28.35,83.7,Magnoliophyta
Magnoliopsida,28.35,83.7,Magnoliophyta
Jungermanniopsida,28.35,83.7,Magnoliophyta
Insecta,28.35,83.7,Marchantiophyta
Insecta,27.335,87.56,Arthropoda
Insecta,28.2,83.95,Arthropoda
Insecta,28.2,83.95,Arthropoda
Insecta,28.2,83.95,Arthropoda
Insecta,28.1,85.14,Arthropoda
Insecta,28.1,85.14,Arthropoda
Insecta,28.1,85.14,Arthropoda
Insecta,28.1025,85.3203,Arthropoda
Insecta,28.733,83.767,Arthropoda
Insecta,28.733,83.767,Arthropoda
Insecta,27.5296,83.4592,Arthropoda
Insecta,27.5942,83.7124,Arthropoda
Insecta,27.5909,83.7209,Arthropoda
Insecta,27.5909,83.7209,Arthropoda
Insecta,27.5909,83.7209,Arthropoda
Magnoliopsida,27.5996,83.7273,Arthropoda
Magnoliopsida,27.5996,83.7273,Magnoliophyta
Liliopsida,27.5996,83.7273,Magnoliophyta
Insecta,27.5996,83.7273,Magnoliophyta
Insecta,27.089,87.063,Arthropoda
Actinopterygii,27.089,87.063,Arthropoda
Insecta,27.089,87.063,Chordata
Mammalia,27.089,87.063,Arthropoda
Magnoliopsida,27.089,87.063,Chordata
Magnoliopsida,27.089,87.063,Magnoliophyta
Insecta,27.089,87.063,Magnoliophyta
Insecta,27.089,87.063,Arthropoda
Insecta,27.089,87.063,Arthropoda
Insecta,27.089,87.063,Arthropoda
Trematoda,27.089,87.063,Arthropoda
Insecta,27.089,87.063,Platyhelminthes
Insecta,27.089,87.063,Arthropoda
Actinopterygii,27.089,87.063,Arthropoda
Insecta,27.089,87.063,Chordata
Actinopterygii,27.089,87.063,Arthropoda
Insecta,28.3599,81.2128,Chordata
Insecta,28.3599,81.2128,Arthropoda
Insecta,28.3599,81.2128,Arthropoda
Insecta,27.67,86.83,Arthropoda
Bivalvia,27.67,86.83,Arthropoda
Trematoda,27.67,86.83,Mollusca
Jungermanniopsida,27.67,86.83,Platyhelminthes
Magnoliopsida,27.67,86.83,Marchantiophyta
Magnoliopsida,27.67,86.83,Magnoliophyta
Magnoliopsida,27.67,86.83,Magnoliophyta
Magnoliopsida,27.67,86.83,Magnoliophyta
Magnoliopsida,27.67,86.83,Magnoliophyta
Insecta,27.67,86.83,Magnoliophyta
Insecta,27.67,86.83,Arthropoda
Insecta,27.7833,86.65,Arthropoda
Insecta,27.7833,86.65,Arthropoda
Insecta,27.7833,86.65,Arthropoda
Insecta,27.7833,86.65,Arthropoda
Insecta,28.4,83.6833,Arthropoda
Insecta,28.4,83.7,Arthropoda
Insecta,27.7,85.3,Arthropoda
Insecta,28.6667,84.0167,Arthropoda
Bryopsida,28.6667,84.0167,Arthropoda
Bryopsida,28.6667,84.0167,Bryophyta
Magnoliopsida,28.6667,84.0167,Bryophyta
Insecta,28.6667,84.0167,Magnoliophyta
Insecta,28.6667,84.0167,Arthropoda
Insecta,29.09,81.53,Arthropoda
Insecta,27.21,87.4,Arthropoda
Insecta,29,82.4,Arthropoda
Insecta,29,82.4,Arthropoda
Insecta,27.5708,85.4056,Arthropoda
Insecta,27.5708,85.4056,Arthropoda
Insecta,27.5708,85.4056,Arthropoda
Insecta,28.1123,85.3462,Arthropoda
Insecta,28.1123,85.3462,Arthropoda
Insecta,27.5918,86.3265,Arthropoda
Insecta,28.1167,85.2833,Arthropoda
Insecta,28.1167,85.2833,Arthropoda
Insecta,27.6,85.4,Arthropoda
Insecta,27.6,85.4,Arthropoda
Insecta,29.5,82.25,Arthropoda
Insecta,27.5888,83.7149,Arthropoda
Insecta,27.608,83.7426,Arthropoda
Insecta,27.5888,83.7149,Arthropoda
Insecta,27.5942,83.7124,Arthropoda
Collembola,27.5888,83.7149,Arthropoda
Insecta,27.008,87.929,Arthropoda
Insecta,27.5909,83.7209,Arthropoda
Insecta,28.2181,83.9732,Arthropoda
Insecta,27.5909,83.7209,Arthropoda
Insecta,27.5909,83.7209,Arthropoda
Malacostraca,27.5909,83.7209,Arthropoda
Malacostraca,27.911,85.54,Arthropoda
Actinopterygii,28.927,83.507,Arthropoda
Mammalia,28.927,83.507,Chordata
Magnoliopsida,28.927,83.507,Chordata
Magnoliopsida,28.927,83.507,Magnoliophyta
Magnoliopsida,28.927,83.507,Magnoliophyta
Magnoliopsida,28.927,83.507,Magnoliophyta
Magnoliopsida,28.927,83.507,Magnoliophyta
Insecta,28.927,83.507,Magnoliophyta
Gastropoda,28.927,83.507,Arthropoda
Actinopterygii,28.927,83.507,Mollusca
Actinopterygii,28.976,81.4208,Chordata
Actinopterygii,28.3688,81.2047,Chordata
Actinopterygii,28.5535,81.2766,Chordata
Insecta,28.5535,81.2766,Chordata
Insecta,28.5535,81.2766,Arthropoda
Insecta,28.5535,81.2766,Arthropoda
Gastropoda,28.5535,81.2766,Arthropoda
Polypodiopsida,28.948,80.2606,Mollusca
Magnoliopsida,28.948,80.2606,Pteridophyta
Magnoliopsida,28.948,80.2606,Magnoliophyta
Magnoliopsida,28.948,80.2606,Magnoliophyta
Magnoliopsida,28.948,80.2606,Magnoliophyta
Insecta,28.948,80.2606,Magnoliophyta
Insecta,27.77,86.2,Arthropoda
Insecta,27.77,86.2,Arthropoda
Insecta,28.1833,85.2167,Arthropoda
Insecta,28.4833,83.65,Arthropoda
Insecta,28.4833,83.65,Arthropoda
Insecta,28.4833,83.65,Arthropoda
Insecta,28.4833,83.65,Arthropoda
Insecta,28.4,83.7,Arthropoda
Insecta,28.6667,84.0167,Arthropoda
Magnoliopsida,28.6667,84.0167,Arthropoda
Marchantiopsida,28.6667,84.0167,Magnoliophyta
Insecta,28.6667,84.0167,Marchantiophyta
Insecta,27.867,84.633,Arthropoda
Insecta,27.867,84.633,Arthropoda
Insecta,27.666,87.833,Arthropoda
Insecta,29.06,83,Arthropoda
Insecta,29.25,82.25,Arthropoda
Sphagnopsida,28.25,84.0167,Arthropoda
Insecta,28.25,84.0167,Bryophyta
Insecta,28.25,84.0167,Arthropoda
Insecta,28.25,84.0167,Arthropoda
Insecta,27.26,85.54,Arthropoda
Insecta,27.26,85.54,Arthropoda
Insecta,27.26,85.54,Arthropoda
Insecta,27.7333,85.2833,Arthropoda
Insecta,28.14,84.23,Arthropoda
Insecta,28.36,83.39,Arthropoda
Insecta,27.7897,86.7249,Arthropoda
Insecta,27.81,87.08,Arthropoda
Insecta,29.2028,82.3156,Arthropoda
Insecta,27.967,85,Arthropoda
Insecta,27.967,85,Arthropoda
Insecta,27.608,83.7426,Arthropoda
Insecta,27.5996,83.7273,Arthropoda
Collembola,27.5888,83.7149,Arthropoda
Insecta,27.008,87.929,Arthropoda
Insecta,27.608,83.7426,Arthropoda
Insecta,27.608,83.7426,Arthropoda
Insecta,27.5996,83.7273,Arthropoda
Magnoliopsida,27.5909,83.7209,Arthropoda
Magnoliopsida,27.5909,83.7209,Magnoliophyta
Liliopsida,27.314,87.497,Magnoliophyta
Insecta,27.361,87.472,Magnoliophyta
Insecta,27.361,87.472,Arthropoda
Malacostraca,27.361,87.472,Arthropoda
Malacostraca,26.94,85.024,Arthropoda
Mammalia,26.94,85.024,Arthropoda
Magnoliopsida,26.94,85.024,Chordata
Liliopsida,26.94,85.024,Magnoliophyta
Insecta,26.94,85.024,Magnoliophyta
Insecta,26.94,85.024,Arthropoda
Gastropoda,26.94,85.024,Arthropoda
Clitellata,26.94,85.024,Mollusca
Insecta,26.94,85.024,Annelida
Insecta,26.94,85.024,Arthropoda
Insecta,26.94,85.024,Arthropoda
Actinopterygii,26.94,85.024,Arthropoda
Actinopterygii,28.7729,81.5752,Chordata
Insecta,29.1441,81.5811,Chordata
Insecta,29.1441,81.5811,Arthropoda
Insecta,29.1441,81.5811,Arthropoda
Insecta,29.1441,81.5811,Arthropoda
Insecta,29.1441,81.5811,Arthropoda
Insecta,29.1441,81.5811,Arthropoda
Gastropoda,29.1441,81.5811,Arthropoda
Pinopsida,27.614,84.4222,Mollusca
Magnoliopsida,27.614,84.4222,Pinophyta
Magnoliopsida,27.614,84.4222,Magnoliophyta
Magnoliopsida,27.614,84.4222,Magnoliophyta
Magnoliopsida,27.614,84.4222,Magnoliophyta
Insecta,27.614,84.4222,Magnoliophyta
Insecta,27.7,86.1667,Arthropoda
Insecta,27.7,86.1667,Arthropoda
Insecta,27.7,86.1667,Arthropoda
Insecta,27.7,86.1667,Arthropoda
Insecta,28.1333,85.2667,Arthropoda
Insecta,28.4,83.6833,Arthropoda
Insecta,28.4,83.6833,Arthropoda
Insecta,28.6667,84.0167,Arthropoda
Liliopsida,28.6667,84.0167,Arthropoda
Magnoliopsida,28.6667,84.0167,Magnoliophyta
Magnoliopsida,28.6667,84.0167,Magnoliophyta
Insecta,28.6667,84.0167,Magnoliophyta
Insecta,27.28,87.48,Arthropoda
Insecta,29.25,82.25,Arthropoda
Insecta,28.48,83.07,Arthropoda
Insecta,27.6,85.42,Arthropoda
Insecta,27.6,85.42,Arthropoda
Insecta,27.6,85.42,Arthropoda
Insecta,27.48,85.58,Arthropoda
Insecta,27.63,86.23,Arthropoda
Insecta,28.14,84.23,Arthropoda
Insecta,28.14,84.23,Arthropoda
Actinopterygii,28.14,84.23,Arthropoda
Insecta,27.708,84.433,Chordata
Insecta,27.5996,83.7273,Arthropoda
Insecta,27.5996,83.7273,Arthropoda
Chromadorea,27.5888,83.7149,Arthropoda
Chromadorea,27.628,85.276,Nematoda
Insecta,27.628,85.276,Nematoda
Insecta,27.5909,83.7209,Arthropoda
Insecta,27.5996,83.7273,Arthropoda
Insecta,27.5996,83.7273,Arthropoda
Insecta,27.5996,83.7273,Arthropoda
Insecta,27.5909,83.7209,Arthropoda
Insecta,27.5909,83.7209,Arthropoda
Arachnida,27.5291,84.3549,Arthropoda
Insecta,29.643,82.3525,Arthropoda
Insecta,29.643,82.3525,Arthropoda
Malacostraca,29.643,82.3525,Arthropoda
Insecta,26.94,85.024,Arthropoda
Insecta,26.94,85.024,Arthropoda
Magnoliopsida,27.7313,85.2945,Arthropoda
Insecta,27.7313,85.2945,Magnoliophyta
Insecta,27.7313,85.2945,Arthropoda
Gastropoda,27.7313,85.2945,Arthropoda
Gastropoda,27.7313,85.2945,Mollusca
Insecta,29.7336,80.7667,Mollusca
Insecta,29.7336,80.7667,Arthropoda
Actinopterygii,29.7336,80.7667,Arthropoda
Actinopterygii,29.7336,80.7667,Chordata
Insecta,28.5535,81.2766,Chordata
Insecta,28.5535,81.2766,Arthropoda
Insecta,28.5535,81.2766,Arthropoda
Insecta,28.5535,81.2766,Arthropoda
Insecta,28.5535,81.2766,Arthropoda
Insecta,28.5535,81.2766,Arthropoda
Aves,28.5535,81.2766,Arthropoda
Insecta,28.5535,81.2766,Chordata
Bivalvia,28.5535,81.2766,Arthropoda
Trematoda,28.5535,81.2766,Mollusca
Magnoliopsida,28.5535,81.2766,Platyhelminthes
Magnoliopsida,28.5535,81.2766,Magnoliophyta
Jungermanniopsida,28.5535,81.2766,Magnoliophyta
Magnoliopsida,28.5535,81.2766,Marchantiophyta
Magnoliopsida,28.5535,81.2766,Magnoliophyta
Magnoliopsida,28.5535,81.2766,Magnoliophyta
Magnoliopsida,28.5535,81.2766,Magnoliophyta
Magnoliopsida,28.5535,81.2766,Magnoliophyta
Magnoliopsida,28.5535,81.2766,Magnoliophyta
Insecta,28.5535,81.2766,Magnoliophyta
Insecta,28.77,83.7,Arthropoda
Insecta,28.1833,83.9,Arthropoda
Insecta,28.4,83.6833,Arthropoda
Insecta,28.4,83.6833,Arthropoda
Insecta,28.0734,85.1171,Arthropoda
Insecta,28.0734,85.1171,Arthropoda
Jungermanniopsida,28.4667,83.8,Arthropoda
Magnoliopsida,28.4667,83.8,Marchantiophyta
Magnoliopsida,28.4667,83.8,Magnoliophyta
Insecta,28.4667,83.8,Magnoliophyta
Insecta,27.867,84.633,Arthropoda
Bryopsida,27.867,84.633,Arthropoda
Insecta,27.867,84.633,Bryophyta
Insecta,27.867,84.633,Arthropoda
Insecta,27.867,84.633,Arthropoda
Insecta,27.867,84.633,Arthropoda
Insecta,28.2833,83.8167,Arthropoda
Insecta,27.69,87.2,Arthropoda
Insecta,27.69,87.2,Arthropoda
Insecta,29.3373,82.3868,Arthropoda
Insecta,29.3373,82.3868,Arthropoda
Insecta,27.608,83.7426,Arthropoda
Insecta,27.608,83.7426,Arthropoda
Chromadorea,27.5996,83.7273,Arthropoda
Insecta,27.628,85.276,Nematoda
Insecta,27.5996,83.7273,Arthropoda
Insecta,27.5296,83.4592,Arthropoda
Insecta,27.5909,83.7209,Arthropoda
Insecta,27.5909,83.7209,Arthropoda
Magnoliopsida,27.5996,83.7273,Arthropoda
Liliopsida,27.389,87.455,Magnoliophyta
Insecta,27.389,87.455,Magnoliophyta
Insecta,27.389,87.455,Arthropoda
Insecta,27.389,87.455,Arthropoda
Malacostraca,27.389,87.455,Arthropoda
Insecta,27.911,85.54,Arthropoda
Mammalia,27.7313,85.2945,Arthropoda
Magnoliopsida,27.7313,85.2945,Chordata
Insecta,27.7313,85.2945,Magnoliophyta
Insecta,27.7313,85.2945,Arthropoda
Gastropoda,27.7313,85.2945,Arthropoda
Bivalvia,27.7313,85.2945,Mollusca
Gastropoda,27.7313,85.2945,Mollusca
Bivalvia,27.7313,85.2945,Mollusca
Bivalvia,27.7313,85.2945,Mollusca
Actinopterygii,27.7313,85.2945,Mollusca
Actinopterygii,27.7313,85.2945,Chordata
Actinopterygii,28.9328,81.4236,Chordata
Actinopterygii,28.6932,81.2702,Chordata
Insecta,28.5535,81.2766,Chordata
Insecta,28.5535,81.2766,Arthropoda
Aves,28.5535,81.2766,Arthropoda
Insecta,28.5535,81.2766,Chordata
Agaricomycetes,28.5535,81.2766,Arthropoda
Jungermanniopsida,27.59,85.21,Basidiomycota
Magnoliopsida,27.59,85.21,Marchantiophyta
Magnoliopsida,27.59,85.21,Magnoliophyta
Magnoliopsida,27.59,85.21,Magnoliophyta
Magnoliopsida,27.59,85.21,Magnoliophyta
Magnoliopsida,27.59,85.21,Magnoliophyta
Insecta,27.59,85.21,Magnoliophyta
Insecta,28.1833,83.9,Arthropoda
Insecta,27.3333,85.9,Arthropoda
Insecta,27.3333,85.9,Arthropoda
Insecta,27.3333,85.9,Arthropoda
Insecta,27.3333,85.9,Arthropoda
Insecta,28.4,83.6833,Arthropoda
Insecta,28.4,83.6833,Arthropoda
Insecta,28.3167,83.8333,Arthropoda
Magnoliopsida,28.3167,83.8333,Arthropoda
Insecta,28.3167,83.8333,Magnoliophyta
Insecta,29.25,82.25,Arthropoda
Insecta,28.21,83.42,Arthropoda
Insecta,28.21,83.42,Arthropoda
Insecta,28.21,83.42,Arthropoda
Insecta,28.21,83.42,Arthropoda
Insecta,28.21,83.42,Arthropoda
Insecta,28.21,83.42,Arthropoda
Insecta,27.79,85.2714,Arthropoda
Insecta,27.5918,86.3265,Arthropoda
Insecta,27.79,85.2714,Arthropoda
Insecta,27.69,87.2,Arthropoda
Insecta,27.81,87.08,Arthropoda
Insecta,27.81,87.08,Arthropoda
Insecta,27.643,87.931,Arthropoda
Insecta,27.643,87.931,Arthropoda
Insecta,27.5996,83.7273,Arthropoda
Insecta,27.5996,83.7273,Arthropoda
Insecta,27.5909,83.7209,Arthropoda
Insecta,27.5909,83.7209,Arthropoda
Insecta,27.5888,83.7149,Arthropoda
Insecta,27.5888,83.7149,Arthropoda
Insecta,27.5888,83.7149,Arthropoda
Chromadorea,27.5942,83.7124,Arthropoda
Insecta,27.628,85.276,Nematoda
Insecta,27.5942,83.7124,Arthropoda
Insecta,27.5909,83.7209,Arthropoda
Insecta,27.5909,83.7209,Arthropoda
Insecta,27.5909,83.7209,Arthropoda
Insecta,27.5909,83.7209,Arthropoda
Magnoliopsida,27.5996,83.7273,Arthropoda
Malacostraca,27.5996,83.7273,Magnoliophyta
Malacostraca,26.94,85.024,Arthropoda
Insecta,28.927,83.507,Arthropoda
Magnoliopsida,28.927,83.507,Arthropoda
Insecta,28.927,83.507,Magnoliophyta
Insecta,28.927,83.507,Arthropoda
Gastropoda,28.927,83.507,Arthropoda
Insecta,28.927,83.507,Mollusca
Bivalvia,28.927,83.507,Arthropoda
Gastropoda,28.927,83.507,Mollusca
Insecta,27.6494,85.2831,Mollusca
Insecta,27.6494,85.2831,Arthropoda
Insecta,27.6494,85.2831,Arthropoda
Insecta,27.6494,85.2831,Arthropoda
Insecta,28.97,82.85,Arthropoda
Insecta,29.2003,82.3014,Arthropoda
Saccharomycetes,29.2003,82.3014,Arthropoda
Magnoliopsida,29.2003,82.3014,Ascomycota
Marchantiopsida,29.2003,82.3014,Magnoliophyta
Magnoliopsida,29.2003,82.3014,Marchantiophyta
Magnoliopsida,29.2003,82.3014,Magnoliophyta
Magnoliopsida,29.2003,82.3014,Magnoliophyta
Magnoliopsida,29.2003,82.3014,Magnoliophyta
Magnoliopsida,29.2003,82.3014,Magnoliophyta
Insecta,29.2003,82.3014,Magnoliophyta
Insecta,28.77,83.7,Arthropoda
Insecta,28.77,83.7,Arthropoda
Insecta,28.4,83.6833,Arthropoda
Insecta,28.1833,85.3167,Arthropoda
Insecta,28.4,83.6833,Arthropoda
Insecta,29.1833,83.9667,Arthropoda
Magnoliopsida,29.1833,83.9667,Arthropoda
Magnoliopsida,29.1833,83.9667,Magnoliophyta
Magnoliopsida,29.1833,83.9667,Magnoliophyta
Magnoliopsida,29.1833,83.9667,Magnoliophyta
Insecta,29.1833,83.9667,Magnoliophyta
Insecta,27.14,87.09,Arthropoda
Reptilia,27.14,87.09,Arthropoda
Insecta,28.75,83.73,Chordata
Bryopsida,27.32,86.35,Arthropoda
Insecta,27.32,86.35,Bryophyta
Insecta,28.88,81.75,Arthropoda
Insecta,28.1,85.14,Arthropoda
Insecta,28.1,85.14,Arthropoda
Insecta,28.1,85.14,Arthropoda
Insecta,28.1,85.14,Arthropoda
Insecta,28.1,85.14,Arthropoda
Insecta,28.1,85.14,Arthropoda
Insecta,29.39,82.39,Arthropoda
Mammalia,29.369,82.153,Arthropoda
Insecta,28.333,83.75,Chordata
Insecta,27.967,85,Arthropoda
Insecta,27.967,85,Arthropoda
Insecta,27.5996,83.7273,Arthropoda
Insecta,27.5942,83.7124,Arthropoda
Insecta,27.5888,83.7149,Arthropoda
Insecta,27.608,83.743,Arthropoda
Insecta,27.5909,83.7209,Arthropoda
Insecta,27.5909,83.7209,Arthropoda
Insecta,27.5996,83.7273,Arthropoda
Magnoliopsida,27.5996,83.7273,Arthropoda
Magnoliopsida,27.432,87.457,Magnoliophyta
Liliopsida,27.469,87.463,Magnoliophyta
Arachnida,27.469,87.463,Magnoliophyta
Malacostraca,29.526,82.2953,Arthropoda
Mammalia,27.911,85.54,Arthropoda
Sordariomycetes,29.169,82.94,Chordata
Mammalia,29.169,82.94,Ascomycota
Sordariomycetes,29.169,82.94,Chordata
Magnoliopsida,29.169,82.94,Ascomycota
Mammalia,29.169,82.94,Magnoliophyta
Insecta,29.169,82.94,Chordata
Insecta,29.169,82.94,Arthropoda
Gastropoda,29.169,82.94,Arthropoda
Gastropoda,29.169,82.94,Mollusca
Insecta,28.07,81.72,Mollusca
Actinopterygii,28.07,81.72,Arthropoda
Actinopterygii,28.07,81.72,Chordata
Insecta,28.07,81.72,Chordata
Insecta,28.07,81.72,Arthropoda
Gastropoda,28.07,81.72,Arthropoda
Gastropoda,26.664,87.6156,Mollusca
Marchantiopsida,27.485,85.2774,Mollusca
Polypodiopsida,27.485,85.2774,Marchantiophyta
Pinopsida,27.485,85.2774,Pteridophyta
Liliopsida,27.485,85.2774,Pinophyta
Magnoliopsida,27.485,85.2774,Magnoliophyta
Insecta,27.485,85.2774,Magnoliophyta
Insecta,27.542,85.392,Arthropoda
Insecta,29.95,81.8167,Arthropoda
Insecta,29.95,81.8167,Arthropoda
Insecta,27.5444,85.4084,Arthropoda
Insecta,27.5444,85.4084,Arthropoda
Magnoliopsida,28,85,Arthropoda
Bryopsida,27,85,Magnoliophyta
Magnoliopsida,28.67,84.012,Bryophyta
Oomycota,28.6,85,Magnoliophyta
Insecta,27.3,85,Heterokontophyta
Insecta,28.43,83.39,Arthropoda
Insecta,27.26,87.689,Arthropoda
Insecta,28.48,83.07,Arthropoda
Insecta,28.48,83.07,Arthropoda
Insecta,29.25,82.25,Arthropoda
Bryopsida,29.25,82.25,Arthropoda
Insecta,29.25,82.25,Bryophyta
Insecta,29.25,82.25,Arthropoda
Insecta,27.2,87.36,Arthropoda
Insecta,27.2,87.36,Arthropoda
Insecta,27.2,87.36,Arthropoda
Insecta,27.2,87.36,Arthropoda
Insecta,28.15,85.2333,Arthropoda
Insecta,27.817,84.783,Arthropoda
Insecta,27.72,87.21,Arthropoda
Insecta,27.75,85.4167,Arthropoda
Insecta,27.5909,83.7209,Arthropoda
Insecta,27.5909,83.7209,Arthropoda
Insecta,28.2151,83.967,Arthropoda
Insecta,27.5909,83.7209,Arthropoda
Magnoliopsida,27.5996,83.7273,Arthropoda
Liliopsida,27.497,87.467,Magnoliophyta
Liliopsida,27.153,87.408,Magnoliophyta
Magnoliopsida,27.297,87.516,Magnoliophyta
Magnoliopsida,27.467,87.463,Magnoliophyta
Liliopsida,27.297,87.516,Magnoliophyta
Arachnida,27.297,87.516,Magnoliophyta
Insecta,29.5281,82.2941,Arthropoda
Insecta,27.759,85.154,Arthropoda
Actinopterygii,27.759,85.154,Arthropoda
Insecta,27.759,85.154,Chordata
Mammalia,27.759,85.154,Arthropoda
Magnoliopsida,27.759,85.154,Chordata
Magnoliopsida,27.759,85.154,Magnoliophyta
Insecta,27.759,85.154,Magnoliophyta
Insecta,27.759,85.154,Arthropoda
Chromadorea,27.759,85.154,Arthropoda
Chromadorea,27.759,85.154,Nematoda
Mammalia,27.628,85.276,Nematoda
Insecta,27.628,85.276,Chordata
Insecta,27.628,85.276,Arthropoda
Bivalvia,27.628,85.276,Arthropoda
Jungermanniopsida,27.628,85.276,Mollusca
Magnoliopsida,27.628,85.276,Marchantiophyta
Magnoliopsida,27.628,85.276,Magnoliophyta
Magnoliopsida,27.628,85.276,Magnoliophyta
Magnoliopsida,27.628,85.276,Magnoliophyta
Magnoliopsida,27.628,85.276,Magnoliophyta
Magnoliopsida,27.628,85.276,Magnoliophyta
Magnoliopsida,27.628,85.276,Magnoliophyta
Insecta,27.628,85.276,Magnoliophyta
Insecta,27.628,85.276,Arthropoda
Insecta,27.7,86.7,Arthropoda
Insecta,27.1667,87.4167,Arthropoda
Insecta,27.7333,86.0333,Arthropoda
Insecta,27.7333,86.0333,Arthropoda
Insecta,27.7333,86.0333,Arthropoda
Insecta,27.7333,86.0333,Arthropoda
Insecta,27.7333,86.0333,Arthropoda
Insecta,27.7333,86.0333,Arthropoda
Liliopsida,28.4,83.6833,Arthropoda
Magnoliopsida,28.4,83.6833,Magnoliophyta
Magnoliopsida,28.4,83.6833,Magnoliophyta
Insecta,28.4,83.6833,Magnoliophyta
Insecta,28.4,83.6833,Arthropoda
Insecta,27.15,86.37,Arthropoda
Insecta,27.2,87.39,Arthropoda
Insecta,28.2,83.45,Arthropoda
Insecta,27.15,86.37,Arthropoda
Insecta,27.667,85.417,Arthropoda
Insecta,27.667,85.417,Arthropoda
Insecta,27.667,85.417,Arthropoda
Insecta,27.667,85.417,Arthropoda
Insecta,27.667,85.417,Arthropoda
Amphibia,27.667,85.417,Arthropoda
Insecta,27.667,85.417,Chordata
Actinopterygii,27.667,85.417,Arthropoda
Insecta,27.34,87.188,Chordata
Insecta,27.69,87.2,Arthropoda
Insecta,27.69,87.2,Arthropoda
Insecta,27.5909,83.7209,Arthropoda
Insecta,27.5909,83.7209,Arthropoda
Insecta,27.5909,83.7209,Arthropoda
Insecta,27.5888,83.7149,Arthropoda
Insecta,27.5888,83.7149,Arthropoda
Insecta,27.5909,83.7209,Arthropoda
Magnoliopsida,27.5996,83.7273,Arthropoda
Magnoliopsida,27.5996,83.7273,Magnoliophyta
Liliopsida,27.196,87.462,Magnoliophyta
Liliopsida,28.671,82.951,Magnoliophyta
Insecta,28.671,82.951,Magnoliophyta
Malacostraca,28.671,82.951,Arthropoda
Malacostraca,27.911,85.54,Arthropoda
Insecta,28.927,83.507,Arthropoda
Insecta,28.927,83.507,Arthropoda
Mammalia,28.927,83.507,Arthropoda
Mammalia,28.927,83.507,Chordata
Mammalia,28.927,83.507,Chordata
Magnoliopsida,28.927,83.507,Chordata
Magnoliopsida,28.927,83.507,Magnoliophyta
Insecta,28.927,83.507,Magnoliophyta
Insecta,28.927,83.507,Arthropoda
Gastropoda,28.927,83.507,Arthropoda
Gastropoda,28.927,83.507,Mollusca
Gastropoda,28.927,83.507,Mollusca
Bivalvia,28.927,83.507,Mollusca
Gastropoda,28.927,83.507,Mollusca
Insecta,29.6903,80.6844,Mollusca
Actinopterygii,29.6903,80.6844,Arthropoda
Chromadorea,28.5535,81.2766,Chordata
Insecta,27.628,85.276,Nematoda
Insecta,27.628,85.276,Arthropoda
Insecta,27.628,85.276,Arthropoda
Mammalia,27.628,85.276,Arthropoda
Insecta,27.628,85.276,Chordata
Insecta,27.628,85.276,Arthropoda
Bivalvia,27.628,85.276,Arthropoda
Cestoda,27.628,85.276,Mollusca
Liliopsida,27.628,85.276,Platyhelminthes
Liliopsida,27.628,85.276,Magnoliophyta
Magnoliopsida,27.628,85.276,Magnoliophyta
Magnoliopsida,27.628,85.276,Magnoliophyta
Magnoliopsida,27.628,85.276,Magnoliophyta
Insecta,27.628,85.276,Magnoliophyta
Insecta,27.81,85.28,Arthropoda
Insecta,30.02,81.75,Arthropoda
Insecta,27.975,85.0964,Arthropoda
Insecta,27.975,85.0964,Arthropoda
Insecta,27.7,85.3,Arthropoda
Insecta,27.5,85.4,Arthropoda
Magnoliopsida,27.5,85.4,Arthropoda
Bryopsida,27.5,85.4,Magnoliophyta
Magnoliopsida,27.5,85.4,Bryophyta
Insecta,27.5,85.4,Magnoliophyta
Insecta,28.11,85.19,Arthropoda
Insecta,28.11,85.19,Arthropoda
Insecta,28.11,85.19,Arthropoda
Insecta,28.1833,85.2167,Arthropoda
Insecta,28.1833,85.2167,Arthropoda
Insecta,28.1833,85.2167,Arthropoda
Insecta,28.1833,85.2167,Arthropoda
Insecta,27.8187,85.2501,Arthropoda
Insecta,27.8187,85.2501,Arthropoda
Insecta,27.75,87.16,Arthropoda
Insecta,29.9667,81.8333,Arthropoda
Insecta,29.4667,82.1,Arthropoda
Insecta,27.5996,83.7273,Arthropoda
Insecta,27.5996,83.7273,Arthropoda
Insecta,27.5888,83.7149,Arthropoda
Insecta,27.5909,83.7209,Arthropoda
Insecta,27.5996,83.7273,Arthropoda
Insecta,27.5909,83.7209,Arthropoda
Insecta,28.2153,83.9677,Arthropoda
Insecta,27.5909,83.7209,Arthropoda
Insecta,27.5909,83.7209,Arthropoda
Insecta,27.5996,83.7273,Arthropoda
Magnoliopsida,27.5996,83.7273,Arthropoda
Magnoliopsida,27.423,87.455,Magnoliophyta
Liliopsida,27.298,87.517,Magnoliophyta
Agaricomycetes,27.298,87.517,Magnoliophyta
Insecta,27.298,87.517,Basidiomycota
Insecta,27.298,87.517,Arthropoda
Aves,27.298,87.517,Arthropoda
Magnoliopsida,27.298,87.517,Chordata
Bivalvia,27.298,87.517,Magnoliophyta
Insecta,27.298,87.517,Mollusca
Actinopterygii,27.298,87.517,Arthropoda
Actinopterygii,27.298,87.517,Chordata
Actinopterygii,28.976,81.4208,Chordata
Actinopterygii,28.9777,81.581,Chordata
Chromadorea,28.5408,81.1734,Chordata
Insecta,27.628,85.276,Nematoda
Insecta,27.628,85.276,Arthropoda
Insecta,27.628,85.276,Arthropoda
Mammalia,27.628,85.276,Arthropoda
Insecta,27.628,85.276,Chordata
Insecta,27.628,85.276,Arthropoda
Insecta,27.4903,87.4611,Arthropoda
Magnoliopsida,27.4903,87.4611,Arthropoda
Magnoliopsida,27.4903,87.4611,Magnoliophyta
Magnoliopsida,27.4903,87.4611,Magnoliophyta
Magnoliopsida,27.4903,87.4611,Magnoliophyta
Magnoliopsida,27.4903,87.4611,Magnoliophyta
Magnoliopsida,27.4903,87.4611,Magnoliophyta
Insecta,27.4903,87.4611,Magnoliophyta
Insecta,28.4,83.6833,Arthropoda
Insecta,27.975,85.0964,Arthropoda
Insecta,27.3833,86,Arthropoda
Insecta,27.3833,86,Arthropoda
Insecta,27.3833,86,Arthropoda
Insecta,27.68,86.73,Arthropoda
Insecta,28.4,83.6833,Arthropoda
Insecta,28.4,83.683,Arthropoda
Insecta,28.4,83.6833,Arthropoda
Insecta,28.4,83.75,Arthropoda
Bryopsida,28.4,83.75,Arthropoda
Magnoliopsida,28.4,83.75,Bryophyta
Insecta,28.4,83.75,Magnoliophyta
Oomycota,27.26,87.689,Arthropoda
Insecta,27.26,87.689,Heterokontophyta
Insecta,27.26,87.689,Arthropoda
Insecta,27.26,87.689,Arthropoda
Insecta,27.26,87.689,Arthropoda
Insecta,27.26,87.689,Arthropoda
Insecta,27.26,87.689,Arthropoda
Insecta,27.26,87.689,Arthropoda
Insecta,27.8283,85.1757,Arthropoda
Insecta,27.683,86.067,Arthropoda
Actinopterygii,27.26,87.57,Arthropoda
Insecta,27.26,87.57,Chordata
Insecta,27.26,87.57,Arthropoda
Insecta,29.39,82.39,Arthropoda
Insecta,27.6667,85.3333,Arthropoda
Insecta,29.4667,82.1,Arthropoda
Insecta,27.977,86.661,Arthropoda
Insecta,27.5296,83.4592,Arthropoda
Insecta,27.608,83.7426,Arthropoda
Insecta,27.5996,83.7273,Arthropoda
Insecta,27.5909,83.7209,Arthropoda
Insecta,27.5996,83.7273,Arthropoda
Insecta,28.2189,83.9727,Arthropoda
Magnoliopsida,27.5996,83.7273,Arthropoda
Magnoliopsida,27.194,87.462,Magnoliophyta
Magnoliopsida,27.496,87.466,Magnoliophyta
Magnoliopsida,27.328,87.494,Magnoliophyta
Malacostraca,27.465,87.459,Magnoliophyta
Insecta,27.911,85.54,Arthropoda
Mammalia,27.911,85.54,Arthropoda
Magnoliopsida,27.911,85.54,Chordata
Magnoliopsida,27.911,85.54,Magnoliophyta
Insecta,27.911,85.54,Magnoliophyta
Insecta,27.911,85.54,Arthropoda
Gastropoda,27.911,85.54,Arthropoda
Actinopterygii,27.6136,84.4222,Mollusca
Actinopterygii,28.3599,81.2128,Chordata
Insecta,28.5535,81.2766,Chordata
Insecta,28.5535,81.2766,Arthropoda
Insecta,28.5535,81.2766,Arthropoda
Trematoda,28.5535,81.2766,Arthropoda
Magnoliopsida,28.5535,81.2766,Platyhelminthes
Jungermanniopsida,28.5535,81.2766,Magnoliophyta
Jungermanniopsida,28.5535,81.2766,Marchantiophyta
Liliopsida,28.5535,81.2766,Marchantiophyta
Magnoliopsida,28.5535,81.2766,Magnoliophyta
Magnoliopsida,28.5535,81.2766,Magnoliophyta
Magnoliopsida,28.5535,81.2766,Magnoliophyta
Magnoliopsida,28.5535,81.2766,Magnoliophyta
Magnoliopsida,28.5535,81.2766,Magnoliophyta
Magnoliopsida,28.5535,81.2766,Magnoliophyta
Magnoliopsida,28.5535,81.2766,Magnoliophyta
Insecta,28.5535,81.2766,Magnoliophyta
Insecta,28.4,83.6833,Arthropoda
Insecta,28.15,85.2667,Arthropoda
Insecta,27.5,87.9333,Arthropoda
Insecta,27.5,87.9333,Arthropoda
Insecta,27.5,87.9333,Arthropoda
Insecta,28.4,83.683,Arthropoda
Insecta,28.6667,84.0167,Arthropoda
Bryopsida,28.6667,84.0167,Arthropoda
Insecta,28.6667,84.0167,Bryophyta
Insecta,27.32,87.15,Arthropoda
Insecta,27.32,87.15,Arthropoda
Insecta,28.48,83.07,Arthropoda
Insecta,29.25,82.25,Arthropoda
Insecta,28.89,81.75,Arthropoda
Insecta,27.54,85.33,Arthropoda
Insecta,27.54,85.33,Arthropoda
Insecta,27.54,85.33,Arthropoda
Insecta,27.54,85.33,Arthropoda
Insecta,27.54,85.33,Arthropoda
Insecta,27.6267,86.0883,Arthropoda
Insecta,27.6267,86.0883,Arthropoda
Insecta,27.5838,85.4002,Arthropoda
Insecta,28.14,83.59,Arthropoda
Insecta,28.14,83.59,Arthropoda
Insecta,27.5888,83.7149,Arthropoda
Insecta,27.5996,83.7273,Arthropoda
Insecta,27.5996,83.7273,Arthropoda
Insecta,27.5996,83.7273,Arthropoda
Insecta,27.5996,83.7273,Arthropoda
Insecta,27.5996,83.7273,Arthropoda
Liliopsida,27.5909,83.7209,Arthropoda
Magnoliopsida,27.5909,83.7209,Magnoliophyta
Magnoliopsida,27.298,87.517,Magnoliophyta
Liliopsida,27.311,87.5,Magnoliophyta
Insecta,28.664,82.946,Magnoliophyta
Insecta,28.664,82.946,Arthropoda
Malacostraca,28.664,82.946,Arthropoda
Malacostraca,26.94,85.024,Arthropoda
Malacostraca,26.94,85.024,Arthropoda
Malacostraca,26.94,85.024,Arthropoda
Insecta,28.927,83.507,Arthropoda
Mammalia,28.927,83.507,Arthropoda
Magnoliopsida,28.927,83.507,Chordata
Bivalvia,28.927,83.507,Magnoliophyta
Insecta,28.927,83.507,Mollusca
Insecta,28.927,83.507,Arthropoda
Bivalvia,28.927,83.507,Arthropoda
Bivalvia,28.927,83.507,Mollusca
Insecta,28.927,83.507,Mollusca
Insecta,28.927,83.507,Arthropoda
Actinopterygii,28.927,83.507,Arthropoda
Actinopterygii,29.0403,81.44,Chordata
Actinopterygii,28.6261,81.2764,Chordata
Actinopterygii,28.5535,81.2766,Chordata
Insecta,28.5535,81.2766,Chordata
Insecta,28.5535,81.2766,Arthropoda
Insecta,28.5535,81.2766,Arthropoda
Insecta,28.5535,81.2766,Arthropoda
Insecta,28.5535,81.2766,Arthropoda
Insecta,28.5535,81.2766,Arthropoda
Insecta,27.4903,87.4611,Arthropoda
Insecta,27.4903,87.4611,Arthropoda
Gastropoda,27.4903,87.4611,Arthropoda
Magnoliopsida,28.948,80.2606,Mollusca
Magnoliopsida,28.948,80.2606,Magnoliophyta
Magnoliopsida,28.948,80.2606,Magnoliophyta
Magnoliopsida,28.948,80.2606,Magnoliophyta
Magnoliopsida,28.948,80.2606,Magnoliophyta
Liliopsida,28.948,80.2606,Magnoliophyta
Insecta,28.948,80.2606,Magnoliophyta
Insecta,30.03,81.7,Arthropoda
Insecta,27.542,85.392,Arthropoda
Insecta,27.542,85.392,Arthropoda
Insecta,28.4833,84.0167,Arthropoda
Insecta,28.4833,84.0167,Arthropoda
Insecta,28.4833,84.0167,Arthropoda
Insecta,28.4833,84.0167,Arthropoda
Magnoliopsida,28.4833,84.0167,Arthropoda
Magnoliopsida,28.4833,84.0167,Magnoliophyta
Insecta,28.4833,84.0167,Magnoliophyta
Insecta,30.15,81.41,Arthropoda
Insecta,30.15,81.41,Arthropoda
Insecta,28.08,85.11,Arthropoda
Insecta,28.08,85.11,Arthropoda
Insecta,27.5995,85.3791,Arthropoda
Insecta,27.64,87.21,Arthropoda
Actinopterygii,27.72,87.21,Arthropoda
Insecta,27.72,87.21,Chordata
Insecta,27.72,87.21,Arthropoda
Insecta,27.72,87.21,Arthropoda
Insecta,29.3342,82.3761,Arthropoda
Insecta,27.5888,83.7149,Arthropoda
Insecta,27.5909,83.7209,Arthropoda
Insecta,27.5996,83.7273,Arthropoda
Insecta,27.5996,83.7273,Arthropoda
Insecta,27.5909,83.7209,Arthropoda
Insecta,27.5909,83.7209,Arthropoda
Insecta,27.5909,83.7209,Arthropoda
Insecta,27.5996,83.7273,Arthropoda
Liliopsida,27.5996,83.7273,Arthropoda
Liliopsida,27.444,87.459,Magnoliophyta
Liliopsida,27.444,87.459,Magnoliophyta
Insecta,27.444,87.459,Magnoliophyta
Insecta,27.444,87.459,Arthropoda
Malacostraca,27.444,87.459,Arthropoda
Malacostraca,26.96,86.41,Arthropoda
Mammalia,28.927,83.507,Arthropoda
Insecta,29.174,82.936,Chordata
Mammalia,29.174,82.936,Arthropoda
Magnoliopsida,29.174,82.936,Chordata
Bivalvia,29.174,82.936,Magnoliophyta
Gastropoda,29.174,82.936,Mollusca
Gastropoda,29.174,82.936,Mollusca
Gastropoda,29.53,82.09,Mollusca
Actinopterygii,29.7336,80.7667,Mollusca
Actinopterygii,28.9328,81.4236,Chordata
Actinopterygii,28.3688,81.2047,Chordata
Insecta,28.5408,81.1734,Chordata
Insecta,28.5408,81.1734,Arthropoda
Insecta,28.5408,81.1734,Arthropoda
Insecta,28.5408,81.1734,Arthropoda
Insecta,29.2003,82.3014,Arthropoda
Insecta,29.2003,82.3014,Arthropoda
Bivalvia,29.2003,82.3014,Arthropoda
Magnoliopsida,29.2003,82.3014,Mollusca
Magnoliopsida,29.2003,82.3014,Magnoliophyta
Magnoliopsida,29.2003,82.3014,Magnoliophyta
Insecta,29.2003,82.3014,Magnoliophyta
Insecta,29.2003,82.3014,Arthropoda
Insecta,29.2003,82.3014,Arthropoda
Insecta,29.2003,82.3014,Arthropoda
Insecta,29.2003,82.3014,Arthropoda
Insecta,29.2003,82.3014,Arthropoda
Insecta,28.4,83.683,Arthropoda
Insecta,28.4,83.683,Arthropoda
Insecta,28.4,83.683,Arthropoda
Insecta,29.1833,83.9667,Arthropoda
Insecta,29.1833,83.9667,Arthropoda
Insecta,28.6667,84.0167,Arthropoda
Jungermanniopsida,28.6667,84.0167,Arthropoda
Pinopsida,28.6667,84.0167,Marchantiophyta
Magnoliopsida,28.6667,84.0167,Pinophyta
Jungermanniopsida,28.6667,84.0167,Magnoliophyta
Jungermanniopsida,28.6667,84.0167,Marchantiophyta
Jungermanniopsida,28.6667,84.0167,Marchantiophyta
Magnoliopsida,28.6667,84.0167,Marchantiophyta
Insecta,28.6667,84.0167,Magnoliophyta
Insecta,28.34,83.5,Arthropoda
Insecta,28.34,83.5,Arthropoda
Insecta,29,82.4,Arthropoda
Insecta,28.36,84.11,Arthropoda
Insecta,28.36,84.11,Arthropoda
Insecta,28.36,84.11,Arthropoda
Actinopterygii,28.36,84.11,Arthropoda
Insecta,29.538,82.077,Chordata
Insecta,29.467,82.1,Arthropoda
Mammalia,27.656,86.717,Arthropoda
Insecta,28.333,83.75,Chordata
Insecta,28.43,84.4,Arthropoda
Insecta,27.608,83.7426,Arthropoda
Insecta,27.5942,83.7124,Arthropoda
Pinopsida,27.5888,83.7149,Arthropoda
Insecta,27.5888,83.7149,Pinophyta
Insecta,27.5909,83.7209,Arthropoda
Insecta,27.5951,83.7266,Arthropoda
Insecta,27.5909,83.7209,Arthropoda
Insecta,27.5996,83.7273,Arthropoda
Insecta,27.5909,83.7209,Arthropoda
Magnoliopsida,27.5909,83.7209,Arthropoda
Magnoliopsida,27.5909,83.7209,Magnoliophyta
Magnoliopsida,27.5909,83.7209,Magnoliophyta
Magnoliopsida,27.354,87.474,Magnoliophyta
Magnoliopsida,27.336,87.459,Magnoliophyta
Insecta,27.368,87.466,Magnoliophyta
Mammalia,27.368,87.466,Arthropoda
Sordariomycetes,29.169,82.94,Chordata
Aves,29.169,82.94,Ascomycota
Aves,29.169,82.94,Chordata
Chlorophyceae,29.169,82.94,Chordata
Insecta,29.169,82.94,Chlorophyta
Insecta,29.169,82.94,Arthropoda
Bivalvia,29.169,82.94,Arthropoda
Gastropoda,29.169,82.94,Mollusca
Gastropoda,27.5969,85.3791,Mollusca
Actinopterygii,28.0483,81.6158,Mollusca
Gastropoda,28.0483,81.6158,Chordata
Actinopterygii,28.0483,81.6158,Mollusca
Actinopterygii,29.0451,81.4443,Chordata
Actinopterygii,28.3599,81.2128,Chordata
Chromadorea,28.3599,81.2128,Chordata
Insecta,27.628,85.276,Nematoda
Insecta,27.628,85.276,Arthropoda
Insecta,27.67,86.83,Arthropoda
Insecta,27.43,88.05,Arthropoda
Insecta,27.43,88.05,Arthropoda
Gastropoda,27.43,88.05,Arthropoda
Cestoda,29.48,81.1278,Mollusca
Magnoliopsida,29.48,81.1278,Platyhelminthes
Insecta,29.48,81.1278,Magnoliophyta
Insecta,27.7,85.3,Arthropoda
Insecta,27.7,85.3,Arthropoda
Insecta,27.7,85.3,Arthropoda
Insecta,27.7833,86.65,Arthropoda
Insecta,27.7833,86.65,Arthropoda
Insecta,27.7833,86.65,Arthropoda
Insecta,27.7833,86.65,Arthropoda
Magnoliopsida,27.7833,86.65,Arthropoda
Jungermanniopsida,27.7833,86.65,Magnoliophyta
Insecta,27.7833,86.65,Marchantiophyta
Insecta,27.233,87.15,Arthropoda
Insecta,26.732,85.925,Arthropoda
Insecta,28.38,83.37,Arthropoda
Insecta,28.24,84.25,Arthropoda
Insecta,28.24,84.25,Arthropoda
Insecta,28.24,84.25,Arthropoda
Insecta,27.79,85.2714,Arthropoda
Actinopterygii,28.767,83.767,Arthropoda
Insecta,29.538,82.077,Chordata
Insecta,27.69,87.2,Arthropoda
Insecta,27.69,87.2,Arthropoda
Insecta,29.1983,82.31,Arthropoda
Chromadorea,27.5888,83.7149,Arthropoda
Chromadorea,27.628,85.276,Nematoda
Insecta,27.628,85.276,Nematoda
Insecta,27.5909,83.7209,Arthropoda
Liliopsida,27.5909,83.7209,Arthropoda
Agaricomycetes,27.5909,83.7209,Magnoliophyta
Agaricomycetes,27.5909,83.7209,Basidiomycota
Insecta,27.5909,83.7209,Basidiomycota
Malacostraca,27.5909,83.7209,Arthropoda
Malacostraca,26.93,87.02,Arthropoda
Mammalia,28.927,83.507,Arthropoda
Aves,28.927,83.507,Chordata
Magnoliopsida,28.927,83.507,Chordata
Magnoliopsida,28.927,83.507,Magnoliophyta
Gastropoda,28.927,83.507,Magnoliophyta
Gastropoda,28.927,83.507,Mollusca
Insecta,28.927,83.507,Mollusca
Insecta,29.2,82.3,Arthropoda
Bivalvia,29.2,82.3,Arthropoda
Insecta,29.2,82.3,Mollusca
Actinopterygii,29.2,82.3,Arthropoda
Actinopterygii,28.976,81.4208,Chordata
Actinopterygii,28.3599,81.2128,Chordata
Actinopterygii,28.3688,81.2047,Chordata
Chromadorea,28.5535,81.2766,Chordata
Insecta,27.628,85.276,Nematoda
Insecta,27.628,85.276,Arthropoda
Insecta,27.628,85.276,Arthropoda
Insecta,27.628,85.276,Arthropoda
Liliopsida,27.628,85.276,Arthropoda
Jungermanniopsida,27.628,85.276,Magnoliophyta
Marchantiopsida,27.628,85.276,Marchantiophyta
Magnoliopsida,27.628,85.276,Marchantiophyta
Magnoliopsida,27.628,85.276,Magnoliophyta
Magnoliopsida,27.8,86.71,Magnoliophyta
Magnoliopsida,27.8,86.71,Magnoliophyta
Magnoliopsida,27.8,86.71,Magnoliophyta
Insecta,27.8,86.71,Magnoliophyta
Insecta,28.0734,85.1171,Arthropoda
Insecta,28.56,84.01,Arthropoda
Insecta,27.55,87.4167,Arthropoda
Insecta,27.1667,87.4167,Arthropoda
Insecta,27.1667,87.4167,Arthropoda
Insecta,28.5333,84.3333,Arthropoda
Insecta,28.073,85.117,Arthropoda
Insecta,27.7856,86.7389,Arthropoda
Liliopsida,27.7856,86.7389,Arthropoda
Liliopsida,27.7856,86.7389,Magnoliophyta
Pinopsida,27.7856,86.7389,Magnoliophyta
Magnoliopsida,27.7856,86.7389,Pinophyta
Jungermanniopsida,27.7856,86.7389,Magnoliophyta
Insecta,27.7856,86.7389,Marchantiophyta
Insecta,27.7856,86.7389,Arthropoda
Insecta,28.1167,85.35,Arthropoda
Bryopsida,27.26,87.689,Arthropoda
Bryopsida,27.26,87.689,Bryophyta
Insecta,27.26,87.689,Bryophyta
Insecta,27.48,85.58,Arthropoda
Insecta,27.48,85.58,Arthropoda
Insecta,27.48,85.58,Arthropoda
Insecta,27.48,85.58,Arthropoda
Insecta,27.48,85.58,Arthropoda
Insecta,27.64,85.5094,Arthropoda
Insecta,27.78,87.12,Arthropoda
Insecta,27.5909,83.7209,Arthropoda
Insecta,27.5909,83.7209,Arthropoda
Insecta,27.5909,83.7209,Arthropoda
Insecta,27.5996,83.7273,Arthropoda
Insecta,27.5996,83.7273,Arthropoda
Liliopsida,27.5996,83.7273,Arthropoda
Magnoliopsida,27.336,87.487,Magnoliophyta
Liliopsida,27.316,87.496,Magnoliophyta
Malacostraca,27.316,87.496,Magnoliophyta
Malacostraca,26.9993,88.002,Arthropoda
Malacostraca,27.911,85.54,Arthropoda
Insecta,26.94,85.024,Arthropoda
Mammalia,26.94,85.024,Arthropoda
Magnoliopsida,26.94,85.024,Chordata
Magnoliopsida,26.94,85.024,Magnoliophyta
Magnoliopsida,26.94,85.024,Magnoliophyta
Magnoliopsida,26.94,85.024,Magnoliophyta
Magnoliopsida,26.94,85.024,Magnoliophyta
Magnoliopsida,26.94,85.024,Magnoliophyta
Magnoliopsida,26.94,85.024,Magnoliophyta
Insecta,26.94,85.024,Magnoliophyta
Insecta,26.94,85.024,Arthropoda
Gastropoda,26.94,85.024,Arthropoda
Gastropoda,26.94,85.024,Mollusca
Aves,26.94,85.024,Mollusca
Gastropoda,26.94,85.024,Chordata
Insecta,26.94,85.024,Mollusca
Actinopterygii,26.94,85.024,Arthropoda
Actinopterygii,26.94,85.024,Chordata
Insecta,28.5535,81.2766,Chordata
Insecta,28.5535,81.2766,Arthropoda
Insecta,28.5535,81.2766,Arthropoda
Bivalvia,28.5535,81.2766,Arthropoda
Jungermanniopsida,28.5535,81.2766,Mollusca
Magnoliopsida,28.5535,81.2766,Marchantiophyta
Magnoliopsida,28.5535,81.2766,Magnoliophyta
Magnoliopsida,28.5535,81.2766,Magnoliophyta
Insecta,28.5535,81.2766,Magnoliophyta
Insecta,27.9875,85.0767,Arthropoda
Insecta,27.55,85.9667,Arthropoda
Insecta,27.55,85.9667,Arthropoda
Insecta,27.55,85.9667,Arthropoda
Insecta,27.55,85.9667,Arthropoda
Insecta,27.55,85.9667,Arthropoda
Insecta,28.4306,83.6833,Arthropoda
Insecta,27.75,86.0167,Arthropoda
Jungermanniopsida,27.75,86.0167,Arthropoda
Liliopsida,27.75,86.0167,Marchantiophyta
Magnoliopsida,27.75,86.0167,Magnoliophyta
Insecta,27.75,86.0167,Magnoliophyta
Insecta,27.58,86.55,Arthropoda
Insecta,27.58,86.55,Arthropoda
Insecta,29.25,82.25,Arthropoda
Insecta,29.25,82.25,Arthropoda
Insecta,29.25,82.25,Arthropoda
Amphibia,29.25,82.25,Arthropoda
Sphagnopsida,27.494,84.513,Chordata
Insecta,27.494,84.513,Bryophyta
Insecta,28.11,85.12,Arthropoda
Insecta,28.11,85.12,Arthropoda
Insecta,28.11,85.12,Arthropoda
Insecta,28.11,85.12,Arthropoda
Insecta,28.11,85.12,Arthropoda
Insecta,27.6272,86.0897,Arthropoda
Insecta,28.29,83.39,Arthropoda
Insecta,28.29,83.39,Arthropoda
Insecta,29.6333,81.8667,Arthropoda
Insecta,27.608,83.7426,Arthropoda
Insecta,27.608,83.7426,Arthropoda
Insecta,27.5996,83.7273,Arthropoda
Insecta,27.5996,83.7273,Arthropoda
Insecta,28.2671,83.9666,Arthropoda
Insecta,27.9473,84.3936,Arthropoda
Insecta,27.5996,83.7273,Arthropoda
Liliopsida,27.5909,83.7209,Arthropoda
Magnoliopsida,27.5909,83.7209,Magnoliophyta
Magnoliopsida,27.497,87.466,Magnoliophyta
Magnoliopsida,27.409,87.446,Magnoliophyta
Liliopsida,27.473,87.463,Magnoliophyta
Magnoliopsida,27.155,87.408,Magnoliophyta
Agaricomycetes,27.455,87.46,Magnoliophyta
Insecta,27.455,87.46,Basidiomycota
Malacostraca,27.455,87.46,Arthropoda
Malacostraca,26.94,85.024,Arthropoda
Magnoliopsida,28.927,83.507,Arthropoda
Insecta,28.927,83.507,Magnoliophyta
Aves,28.927,83.507,Arthropoda
Bivalvia,28.927,83.507,Chordata
Insecta,28.927,83.507,Mollusca
Actinopterygii,28.927,83.507,Arthropoda
Actinopterygii,28.927,83.507,Chordata
Actinopterygii,28.6261,81.2764,Chordata
Chromadorea,28.7729,81.5752,Chordata
Insecta,27.628,85.276,Nematoda
Insecta,27.628,85.276,Arthropoda
Insecta,27.628,85.276,Arthropoda
Gastropoda,27.628,85.276,Arthropoda
Ascomycota_class_incertae_sedis,26.664,87.6156,Mollusca
Pinopsida,26.664,87.6156,Ascomycota
Magnoliopsida,26.664,87.6156,Pinophyta
Magnoliopsida,26.664,87.6156,Magnoliophyta
Magnoliopsida,26.664,87.6156,Magnoliophyta
Magnoliopsida,26.664,87.6156,Magnoliophyta
Magnoliopsida,26.664,87.6156,Magnoliophyta
Insecta,26.664,87.6156,Magnoliophyta
Insecta,28.77,83.7,Arthropoda
Insecta,27.8333,86.0167,Arthropoda
Insecta,27.8333,86.0167,Arthropoda
Insecta,27.8333,86.0167,Arthropoda
Insecta,28.1667,85.2833,Arthropoda
Insecta,28.4,83.6833,Arthropoda
Insecta,28.3333,83.7333,Arthropoda
Jungermanniopsida,28.3333,83.7333,Arthropoda
Bryopsida,28.3333,83.7333,Marchantiophyta
Jungermanniopsida,28.3333,83.7333,Bryophyta
Magnoliopsida,28.3333,83.7333,Marchantiophyta
Insecta,28.3333,83.7333,Magnoliophyta
Insecta,28.13,83.59,Arthropoda
Insecta,28.13,83.59,Arthropoda
Insecta,27.26,87.689,Arthropoda
Insecta,29.25,82.25,Arthropoda
Reptilia,28.25,84.0167,Arthropoda
Insecta,28.45,83.97,Chordata
Insecta,28.45,83.97,Arthropoda
Insecta,27.817,85.25,Arthropoda
Insecta,27.817,85.25,Arthropoda
Insecta,27.817,85.25,Arthropoda
Insecta,28.297,83.8185,Arthropoda
Insecta,28.297,83.8185,Arthropoda
Insecta,28.297,83.8185,Arthropoda
Insecta,28.1025,85.3036,Arthropoda
Insecta,27.6167,85.5,Arthropoda
Insecta,29.337,82.387,Arthropoda
Insecta,29.337,82.387,Arthropoda
Insecta,27.608,83.7426,Arthropoda
Insecta,27.5909,83.7209,Arthropoda
Insecta,27.5909,83.7209,Arthropoda
Insecta,27.5909,83.7209,Arthropoda
Insecta,27.5909,83.7209,Arthropoda
Insecta,27.5996,83.7273,Arthropoda
Magnoliopsida,27.5909,83.7209,Arthropoda
Liliopsida,27.462,87.461,Magnoliophyta
Magnoliopsida,27.161,87.409,Magnoliophyta
Liliopsida,28.59,83.029,Magnoliophyta
Insecta,28.59,83.029,Magnoliophyta
Insecta,28.59,83.029,Arthropoda
Malacostraca,28.59,83.029,Arthropoda
Mammalia,27.911,85.54,Arthropoda
Magnoliopsida,27.911,85.54,Chordata
Chlorophyceae,27.911,85.54,Magnoliophyta
Insecta,27.911,85.54,Chlorophyta
Gastropoda,27.911,85.54,Arthropoda
Insecta,27.911,85.54,Mollusca
Insecta,27.911,85.54,Arthropoda
Actinopterygii,27.911,85.54,Arthropoda
Actinopterygii,28.5535,81.2766,Chordata
Insecta,28.5535,81.2766,Chordata
Insecta,28.5535,81.2766,Arthropoda
Insecta,27.7,86.5833,Arthropoda
Insecta,27.7,86.5833,Arthropoda
Gastropoda,27.7,86.5833,Arthropoda
Marchantiopsida,29.48,81.1278,Mollusca
Magnoliopsida,29.48,81.1278,Marchantiophyta
Magnoliopsida,29.48,81.1278,Magnoliophyta
Magnoliopsida,29.48,81.1278,Magnoliophyta
Insecta,29.48,81.1278,Magnoliophyta
Insecta,30.12,81.4,Arthropoda
Insecta,28.0734,85.1171,Arthropoda
Insecta,28.0734,85.1171,Arthropoda
Insecta,28.0734,85.1171,Arthropoda
Insecta,28.4,83.6833,Arthropoda
Insecta,27.617,86.167,Arthropoda
Magnoliopsida,28.967,81.833,Arthropoda
Magnoliopsida,28.967,81.833,Magnoliophyta
Magnoliopsida,28.967,81.833,Magnoliophyta
Magnoliopsida,28.967,81.833,Magnoliophyta
Magnoliopsida,28.967,81.833,Magnoliophyta
Magnoliopsida,28.967,81.833,Magnoliophyta
Insecta,28.967,81.833,Magnoliophyta
Insecta,28.967,81.833,Arthropoda
Insecta,27.42,85.18,Arthropoda
Insecta,27.2,87.54,Arthropoda
Insecta,27.36,86.09,Arthropoda
Insecta,27.26,87.689,Arthropoda
Insecta,29.25,82.25,Arthropoda
Insecta,29.25,82.25,Arthropoda
Insecta,27.47,85.23,Arthropoda
Insecta,27.667,85.417,Arthropoda
Insecta,27.667,85.417,Arthropoda
Insecta,27.667,85.417,Arthropoda
Insecta,27.667,85.417,Arthropoda
Insecta,27.667,85.417,Arthropoda
Insecta,27.6,85.4,Arthropoda
Insecta,27.7897,86.7249,Arthropoda
Insecta,27.75,87.16,Arthropoda
Insecta,27.75,87.16,Arthropoda
Insecta,29.467,82.1,Arthropoda
Insecta,27.608,83.7426,Arthropoda
Insecta,27.5909,83.7209,Arthropoda
Insecta,27.5888,83.7149,Arthropoda
Chromadorea,27.5942,83.7124,Arthropoda
Insecta,27.628,85.276,Nematoda
Insecta,28.2985,83.8169,Arthropoda
Insecta,27.9473,84.3936,Arthropoda
Insecta,27.5909,83.7209,Arthropoda
Pteridopsida,27.5996,83.7273,Arthropoda
Liliopsida,27.328,87.494,Pteridophyta
Arachnida,27.328,87.494,Magnoliophyta
Insecta,29.7736,82.4732,Arthropoda
Malacostraca,29.7736,82.4732,Arthropoda
Malacostraca,27.01,87.104,Arthropoda
Mammalia,27.911,85.54,Arthropoda
Insecta,28.413,83.818,Chordata
Insecta,28.413,83.818,Arthropoda
Insecta,28.413,83.818,Arthropoda
Gastropoda,28.413,83.818,Arthropoda
Insecta,28.413,83.818,Mollusca
Gastropoda,27.7065,85.3543,Arthropoda
Gastropoda,27.5969,85.3791,Mollusca
Gastropoda,27.5969,85.3791,Mollusca
Insecta,29.73,80.78,Mollusca
Insecta,29.73,80.78,Arthropoda
Insecta,29.73,80.78,Arthropoda
Actinopterygii,29.73,80.78,Arthropoda
Actinopterygii,29.73,80.78,Chordata
Aves,29.73,80.78,Chordata
Actinopterygii,28.17,85.18,Chordata
Actinopterygii,29.1431,81.5811,Chordata
Actinopterygii,29.1441,81.5811,Chordata
Actinopterygii,28.9328,81.4236,Chordata
Insecta,28.5535,81.2766,Chordata
Insecta,28.5535,81.2766,Arthropoda
Insecta,28.5535,81.2766,Arthropoda
Insecta,28.5535,81.2766,Arthropoda
Bivalvia,28.5535,81.2766,Arthropoda
Agaricomycetes,28.5535,81.2766,Mollusca
Enoplea,28.5535,81.2766,Basidiomycota
Liliopsida,28.5535,81.2766,Nematoda
Insecta,28.5535,81.2766,Magnoliophyta
Insecta,27.9167,84.4333,Arthropoda
Insecta,27.6,85.4,Arthropoda
Insecta,28.1833,85.2167,Arthropoda
Insecta,28.4,83.6833,Arthropoda
Insecta,28.0442,85.5372,Arthropoda
Insecta,28.0442,85.5372,Arthropoda
Insecta,28.6667,84.0167,Arthropoda
Bryopsida,28.6667,84.0167,Arthropoda
Pinopsida,28.6667,84.0167,Bryophyta
Insecta,28.6667,84.0167,Pinophyta
Oomycota,28.6667,84.0167,Arthropoda
Oomycota,28.6667,84.0167,Heterokontophyta
Insecta,28.6667,84.0167,Heterokontophyta
Insecta,27.9167,84.4333,Arthropoda
Insecta,27.15,86.37,Arthropoda
Insecta,29.25,82.25,Arthropoda
Insecta,29.25,82.25,Arthropoda
Bryopsida,29.05,82.55,Arthropoda
Insecta,29.05,82.55,Bryophyta
Insecta,29.05,82.55,Arthropoda
Insecta,29.05,82.55,Arthropoda
Insecta,28.0872,85.3547,Arthropoda
Insecta,28.0872,85.3547,Arthropoda
Insecta,28.0872,85.3547,Arthropoda
Insecta,28.0872,85.3547,Arthropoda
Insecta,27.5909,83.7209,Arthropoda
Insecta,27.5942,83.7124,Arthropoda
Insecta,28.298,83.8158,Arthropoda
Insecta,27.5909,83.7209,Arthropoda
Liliopsida,27.5996,83.7273,Arthropoda
Arachnida,28.671,82.951,Magnoliophyta
Insecta,29.6453,82.9415,Arthropoda
Malacostraca,29.6453,82.9415,Arthropoda
Insecta,27.911,85.54,Arthropoda
Mammalia,27.911,85.54,Arthropoda
Trebouxiophyceae,27.911,85.54,Chordata
Magnoliopsida,27.911,85.54,Chlorophyta
Magnoliopsida,27.911,85.54,Magnoliophyta
Insecta,27.911,85.54,Magnoliophyta
Insecta,27.911,85.54,Arthropoda
Gastropoda,27.911,85.54,Arthropoda
Gastropoda,27.911,85.54,Mollusca
Insecta,27.911,85.54,Mollusca
Actinopterygii,27.911,85.54,Arthropoda
Gastropoda,27.911,85.54,Chordata
Actinopterygii,27.911,85.54,Mollusca
Actinopterygii,28.5535,81.2766,Chordata
Actinopterygii,28.6932,81.2702,Chordata
Actinopterygii,28.5408,81.1734,Chordata
Actinopterygii,28.5535,81.2766,Chordata
Actinopterygii,28.6998,81.2732,Chordata
Actinopterygii,28.6261,81.2764,Chordata
Insecta,29.0403,81.44,Chordata
Insecta,29.0403,81.44,Arthropoda
Insecta,29.0403,81.44,Arthropoda
Insecta,29.0403,81.44,Arthropoda
Insecta,27.8986,86.0628,Arthropoda
Insecta,27.8986,86.0628,Arthropoda
Magnoliopsida,27.8986,86.0628,Arthropoda
Marchantiopsida,27.8986,86.0628,Magnoliophyta
Marchantiopsida,27.8986,86.0628,Marchantiophyta
Magnoliopsida,27.8986,86.0628,Marchantiophyta
Magnoliopsida,27.8986,86.0628,Magnoliophyta
Magnoliopsida,27.8986,86.0628,Magnoliophyta
Magnoliopsida,27.8986,86.0628,Magnoliophyta
Insecta,27.8986,86.0628,Magnoliophyta
Insecta,28.83,83.78,Arthropoda
Insecta,27.975,85.0964,Arthropoda
Insecta,27.975,85.0964,Arthropoda
Insecta,27.7833,86.65,Arthropoda
Insecta,27.7833,86.65,Arthropoda
Insecta,27.5259,85.4131,Arthropoda
Insecta,27.5259,85.4131,Arthropoda
Insecta,27.72,85.52,Arthropoda
Liliopsida,27.72,85.52,Arthropoda
Magnoliopsida,27.72,85.52,Magnoliophyta
Insecta,27.72,85.52,Magnoliophyta
Insecta,29.25,82.25,Arthropoda
Insecta,29,82.4,Arthropoda
Insecta,28.1,85.17,Arthropoda
Insecta,28.1,85.17,Arthropoda
Insecta,28.1,85.17,Arthropoda
Insecta,27.6333,86.25,Arthropoda
Insecta,27.6333,86.25,Arthropoda
Insecta,27.6333,86.25,Arthropoda
Insecta,28.33,84.15,Arthropoda
Insecta,28.33,84.15,Arthropoda
Actinopterygii,28.33,84.15,Arthropoda
Actinopterygii,28.4,83.567,Chordata
Insecta,29.553,82.17,Chordata
Insecta,27.5996,83.7273,Arthropoda
Chromadorea,27.5996,83.7273,Arthropoda
Chromadorea,27.628,85.276,Nematoda
Insecta,27.628,85.276,Nematoda
Insecta,27.5909,83.7209,Arthropoda
Insecta,27.5909,83.7209,Arthropoda
Insecta,27.5996,83.7273,Arthropoda
Insecta,27.5909,83.7209,Arthropoda
Insecta,27.5909,83.7209,Arthropoda
Magnoliopsida,27.5996,83.7273,Arthropoda
Magnoliopsida,27.311,87.5,Magnoliophyta
Liliopsida,27.208,87.467,Magnoliophyta
Insecta,27.124,87.395,Magnoliophyta
Insecta,27.124,87.395,Arthropoda
Magnoliopsida,27.124,87.395,Arthropoda
Magnoliopsida,27.124,87.395,Magnoliophyta
Gastropoda,27.124,87.395,Magnoliophyta
Gastropoda,27.124,87.395,Mollusca
Insecta,27.124,87.395,Mollusca
Bivalvia,27.124,87.395,Arthropoda
Gastropoda,27.124,87.395,Mollusca
Gastropoda,26.5578,86.985,Mollusca
Insecta,28.07,81.72,Mollusca
Actinopterygii,28.07,81.72,Arthropoda
Actinopterygii,28.07,81.72,Chordata
Actinopterygii,28.07,81.72,Chordata
Actinopterygii,28.5408,81.1734,Chordata
Actinopterygii,28.7729,81.5752,Chordata
Insecta,28.3688,81.2047,Chordata
Insecta,28.3688,81.2047,Arthropoda
Insecta,28.3688,81.2047,Arthropoda
Insecta,28.3688,81.2047,Arthropoda
Insecta,28.3688,81.2047,Arthropoda
Mammalia,28.3688,81.2047,Arthropoda
Lecanoromycetes,28.3688,81.2047,Chordata
Jungermanniopsida,28.3688,81.2047,Ascomycota
Polytrichopsida,28.3688,81.2047,Marchantiophyta
Magnoliopsida,28.3688,81.2047,Bryophyta
Magnoliopsida,28.3688,81.2047,Magnoliophyta
Magnoliopsida,28.3688,81.2047,Magnoliophyta
Magnoliopsida,28.3688,81.2047,Magnoliophyta
Magnoliopsida,28.3688,81.2047,Magnoliophyta
Magnoliopsida,28.3688,81.2047,Magnoliophyta
Magnoliopsida,28.3688,81.2047,Magnoliophyta
Magnoliopsida,28.3688,81.2047,Magnoliophyta
Insecta,28.3688,81.2047,Magnoliophyta
Insecta,28.1833,85.2167,Arthropoda
Insecta,28.1833,85.2167,Arthropoda
Insecta,28.1833,85.2167,Arthropoda
Insecta,28.1833,85.2167,Arthropoda
Insecta,28.1833,85.3167,Arthropoda
Insecta,28.4,83.6833,Arthropoda
Insecta,27.5917,86.6058,Arthropoda
Magnoliopsida,27.5917,86.6058,Arthropoda
Insecta,27.5917,86.6058,Magnoliophyta
Insecta,28.1167,85.1667,Arthropoda
Insecta,28.5604,83.392,Arthropoda
Insecta,28.13,83.59,Arthropoda
Insecta,28.13,83.59,Arthropoda
Insecta,28.13,83.59,Arthropoda
Insecta,28.88,81.75,Arthropoda
Insecta,28.88,81.75,Arthropoda
Insecta,27.6167,85.5,Arthropoda
Insecta,27.6522,85.4573,Arthropoda
Insecta,27.6522,85.4573,Arthropoda
Insecta,29.7833,80.8333,Arthropoda
Insecta,27.967,85,Arthropoda
Insecta,27.608,83.7426,Arthropoda
Insecta,27.5909,83.7209,Arthropoda
Chromadorea,27.5888,83.7149,Arthropoda
Insecta,27.628,85.276,Nematoda
Insecta,27.5909,83.7209,Arthropoda
Insecta,27.5909,83.7209,Arthropoda
Insecta,27.5996,83.7273,Arthropoda
Insecta,27.5996,83.7273,Arthropoda
Insecta,27.5996,83.7273,Arthropoda
Magnoliopsida,27.5996,83.7273,Arthropoda
Magnoliopsida,27.5996,83.7273,Magnoliophyta
Magnoliopsida,27.489,87.465,Magnoliophyta
Magnoliopsida,27.452,87.46,Magnoliophyta
Magnoliopsida,27.473,87.463,Magnoliophyta
Magnoliopsida,27.146,87.41,Magnoliophyta
Liliopsida,28.879,82.98,Magnoliophyta
Malacostraca,28.879,82.98,Magnoliophyta
Malacostraca,27.911,85.54,Arthropoda
Malacostraca,27.911,85.54,Arthropoda
Reptilia,28.927,83.507,Arthropoda
Mammalia,29.1842,83.0155,Chordata
Mammalia,29.1842,83.0155,Chordata
Mammalia,29.1842,83.0155,Chordata
Insecta,29.1842,83.0155,Chordata
Gastropoda,29.1842,83.0155,Arthropoda
Insecta,29.1842,83.0155,Mollusca
Bivalvia,29.1842,83.0155,Arthropoda
Actinopterygii,29.1842,83.0155,Mollusca
Actinopterygii,28.7729,81.5752,Chordata
Actinopterygii,28.5408,81.1734,Chordata
Actinopterygii,28.5408,81.1734,Chordata
Insecta,28.3599,81.2128,Chordata
Aves,28.3599,81.2128,Arthropoda
Insecta,28.3599,81.2128,Chordata
Insecta,28.3599,81.2128,Arthropoda
Insecta,28.3599,81.2128,Arthropoda
Magnoliopsida,28.3599,81.2128,Arthropoda
Pinopsida,28.3599,81.2128,Magnoliophyta
Magnoliopsida,28.3599,81.2128,Pinophyta
Magnoliopsida,28.3599,81.2128,Magnoliophyta
Magnoliopsida,28.3599,81.2128,Magnoliophyta
Magnoliopsida,28.3599,81.2128,Magnoliophyta
Magnoliopsida,28.3599,81.2128,Magnoliophyta
Magnoliopsida,28.3599,81.2128,Magnoliophyta
Magnoliopsida,28.3599,81.2128,Magnoliophyta
Magnoliopsida,28.3599,81.2128,Magnoliophyta
Magnoliopsida,28.3599,81.2128,Magnoliophyta
Insecta,28.3599,81.2128,Magnoliophyta
Insecta,29.97,81.82,Arthropoda
Insecta,28.1833,83.9,Arthropoda
Insecta,27.975,85.0964,Arthropoda
Insecta,27.7333,86.0333,Arthropoda
Insecta,27.7333,86.0333,Arthropoda
Magnoliopsida,27.7333,86.0333,Arthropoda
Magnoliopsida,27.7333,86.0333,Magnoliophyta
Jungermanniopsida,27.7333,86.0333,Magnoliophyta
Insecta,27.7333,86.0333,Marchantiophyta
Insecta,27.7333,86.0333,Arthropoda
Insecta,29.06,83,Arthropoda
Insecta,29.06,83,Arthropoda
Insecta,27.7517,85.3044,Arthropoda
Insecta,27.7517,85.3044,Arthropoda
Insecta,27.7517,85.3044,Arthropoda
Insecta,28.725,83.808,Arthropoda
Insecta,27.58,85,Arthropoda
Insecta,29.746,80.801,Arthropoda
Insecta,27.967,85,Arthropoda
Insecta,27.5888,83.7149,Arthropoda
Collembola,27.5942,83.7124,Arthropoda
Insecta,27.008,87.929,Arthropoda
Insecta,27.608,83.7426,Arthropoda
Insecta,27.5909,83.7209,Arthropoda
Insecta,27.5909,83.7209,Arthropoda
Insecta,27.5996,83.7273,Arthropoda
Magnoliopsida,27.5996,83.7273,Arthropoda
Liliopsida,27.408,87.445,Magnoliophyta
Insecta,27.408,87.445,Magnoliophyta
Insecta,27.408,87.445,Arthropoda
Mammalia,27.408,87.445,Arthropoda
Aves,27.408,87.445,Chordata
Magnoliopsida,27.408,87.445,Chordata
Actinopterygii,27.408,87.445,Magnoliophyta
Actinopterygii,28.5535,81.2766,Chordata
Chromadorea,28.9777,81.581,Chordata
Insecta,27.628,85.276,Nematoda
Insecta,27.628,85.276,Arthropoda
Aves,27.628,85.276,Arthropoda
Insecta,27.628,85.276,Chordata
Insecta,27.43,88.05,Arthropoda
Insecta,27.43,88.05,Arthropoda
Insecta,27.43,88.05,Arthropoda
Insecta,27.43,88.05,Arthropoda
Gastropoda,27.43,88.05,Arthropoda
Dothideomycetes,27.453,87.7063,Mollusca
Pinopsida,27.453,87.7063,Ascomycota
Magnoliopsida,27.453,87.7063,Pinophyta
Magnoliopsida,27.453,87.7063,Magnoliophyta
Magnoliopsida,27.453,87.7063,Magnoliophyta
Magnoliopsida,27.453,87.7063,Magnoliophyta
Magnoliopsida,27.453,87.7063,Magnoliophyta
Insecta,27.453,87.7063,Magnoliophyta
Insecta,28.83,83.78,Arthropoda
Insecta,28.83,83.78,Arthropoda
Insecta,28.1833,83.9,Arthropoda
Insecta,28.4,83.6833,Arthropoda
Insecta,27.542,85.392,Arthropoda
Insecta,27.526,85.413,Arthropoda
Insecta,27.526,85.413,Arthropoda
Insecta,27.526,85.413,Arthropoda
Insecta,28.1,85.3667,Arthropoda
Insecta,28.1,85.3667,Arthropoda
Insecta,27.7856,86.7389,Arthropoda
Insecta,27.7856,86.7389,Arthropoda
Magnoliopsida,27.9333,85,Arthropoda
Liliopsida,27.9333,85,Magnoliophyta
Magnoliopsida,27.9333,85,Magnoliophyta
Pinopsida,27.9333,85,Magnoliophyta
Jungermanniopsida,27.9333,85,Pinophyta
Magnoliopsida,27.9333,85,Marchantiophyta
Insecta,27.9333,85,Magnoliophyta
Insecta,28.48,83.07,Arthropoda
Insecta,29.25,82.25,Arthropoda
Bryopsida,29.25,82.25,Arthropoda
Insecta,29.25,82.25,Bryophyta
Insecta,27.8144,85.2653,Arthropoda
Insecta,27.8144,85.2653,Arthropoda
Insecta,27.8144,85.2653,Arthropoda
Insecta,27.8144,85.2653,Arthropoda
Insecta,27.8144,85.2653,Arthropoda
Insecta,27.8144,85.2653,Arthropoda
Insecta,27.8144,85.2653,Arthropoda
Insecta,29.2025,82.3176,Arthropoda
Insecta,29.1749,82.1748,Arthropoda
Insecta,27.608,83.7426,Arthropoda
Insecta,27.5996,83.7273,Arthropoda
Insecta,27.5942,83.7124,Arthropoda
Insecta,27.5942,83.7124,Arthropoda
Collembola,27.5888,83.7149,Arthropoda
Insecta,27.008,87.929,Arthropoda
Insecta,27.5909,83.7209,Arthropoda
Magnoliopsida,27.5996,83.7273,Arthropoda
Agaricomycetes,27.5996,83.7273,Magnoliophyta
Insecta,27.5996,83.7273,Basidiomycota
Insecta,27.5996,83.7273,Arthropoda
Mammalia,27.5996,83.7273,Arthropoda
Actinopterygii,28.426,83.828,Chordata
Insecta,28.426,83.828,Chordata
Insecta,28.426,83.828,Arthropoda
Insecta,27.7313,85.2945,Arthropoda
Mammalia,27.7313,85.2945,Arthropoda
Mammalia,27.7313,85.2945,Chordata
Mammalia,27.7313,85.2945,Chordata
Bivalvia,27.7313,85.2945,Chordata
Gastropoda,27.7313,85.2945,Mollusca
Gastropoda,27.7313,85.2945,Mollusca
Clitellata,27.7313,85.2945,Mollusca
Clitellata,27.7313,85.2945,Annelida
Trematoda,27.7313,85.2945,Annelida
Insecta,27.7313,85.2945,Platyhelminthes
Actinopterygii,27.7313,85.2945,Arthropoda
Actinopterygii,29.0403,81.44,Chordata
Actinopterygii,28.6932,81.2702,Chordata
Cestoda,28.5535,81.2766,Chordata
Trematoda,28.5535,81.2766,Platyhelminthes
Magnoliopsida,28.5535,81.2766,Platyhelminthes
Jungermanniopsida,28.5535,81.2766,Magnoliophyta
Pinopsida,28.5535,81.2766,Marchantiophyta
Magnoliopsida,28.5535,81.2766,Pinophyta
Insecta,28.5535,81.2766,Magnoliophyta
Insecta,26.98,87.33,Arthropoda
Insecta,26.98,87.33,Arthropoda
Insecta,27.9875,85.0767,Arthropoda
Insecta,27.7,86.7,Arthropoda
Insecta,28.6,83.65,Arthropoda
Insecta,28.6,83.65,Arthropoda
Insecta,28.6,83.65,Arthropoda
Magnoliopsida,28.6,83.65,Arthropoda
Magnoliopsida,28.6,83.65,Magnoliophyta
Bryopsida,28.6,83.65,Magnoliophyta
Bryopsida,28.6,83.65,Bryophyta
Bryopsida,28.6,83.65,Bryophyta
Magnoliopsida,28.6,83.65,Bryophyta
Magnoliopsida,28.6,83.65,Magnoliophyta
Magnoliopsida,28.6,83.65,Magnoliophyta
Magnoliopsida,28.6,83.65,Magnoliophyta
Insecta,28.6,83.65,Magnoliophyta
Insecta,28.6,83.65,Arthropoda
Bryopsida,28.07,84.09,Arthropoda
Insecta,28.07,84.09,Bryophyta
Insecta,28.07,84.09,Arthropoda
Insecta,28.07,85.1058,Arthropoda
Insecta,28.07,85.1058,Arthropoda
Insecta,28.07,85.1058,Arthropoda
Insecta,28.2,83.45,Arthropoda
Insecta,27.983,86.667,Arthropoda
Insecta,27.983,86.667,Arthropoda
Insecta,27.608,83.7426,Arthropoda
Insecta,27.5888,83.7149,Arthropoda
Insecta,27.591,83.721,Arthropoda
Insecta,27.5909,83.7209,Arthropoda
Insecta,27.5909,83.7209,Arthropoda
Insecta,27.5909,83.7209,Arthropoda
Insecta,27.5996,83.7273,Arthropoda
Insecta,27.5996,83.7273,Arthropoda
Insecta,27.5996,83.7273,Arthropoda
Insecta,28.383,85.05,Arthropoda
Magnoliopsida,27.5454,87.831,Arthropoda
Liliopsida,27.5454,87.831,Magnoliophyta
Magnoliopsida,27.5454,87.831,Magnoliophyta
Liliopsida,27.436,87.458,Magnoliophyta
Liliopsida,27.78,84.438,Magnoliophyta
Liliopsida,28.606,82.951,Magnoliophyta
Insecta,28.606,82.951,Magnoliophyta
Insecta,28.606,82.951,Arthropoda
Insecta,28.606,82.951,Arthropoda
Mammalia,28.606,82.951,Arthropoda
Mammalia,28.606,82.951,Chordata
Mammalia,28.606,82.951,Chordata
Aves,28.606,82.951,Chordata
Aves,28.606,82.951,Chordata
Magnoliopsida,27.984,85.183,Chordata
Magnoliopsida,27.37,87.79,Magnoliophyta
Magnoliopsida,27.37,87.79,Magnoliophyta
Insecta,27.37,87.79,Magnoliophyta
Insecta,27.37,87.79,Arthropoda
Trematoda,27.37,87.79,Arthropoda
Gastropoda,27.37,87.79,Platyhelminthes
Actinopterygii,27.37,87.79,Mollusca
Actinopterygii,27.37,87.79,Chordata
Insecta,28.3599,81.2128,Chordata
Insecta,28.3599,81.2128,Arthropoda
Insecta,29.9394,80.9056,Arthropoda
Cestoda,29.9394,80.9056,Arthropoda
Liliopsida,29.9394,80.9056,Platyhelminthes
Insecta,29.9394,80.9056,Magnoliophyta
Insecta,30.12,81.4,Arthropoda
Insecta,27.542,85.392,Arthropoda
Insecta,27.542,85.392,Arthropoda
Insecta,27.542,85.392,Arthropoda
Insecta,27.542,85.392,Arthropoda
Insecta,27.542,85.392,Arthropoda
Insecta,27.5917,86.6058,Arthropoda
Insecta,27.5917,86.6058,Arthropoda
Insecta,29.1833,83.9667,Arthropoda
Insecta,29.1833,83.9667,Arthropoda
Insecta,29.1833,83.9667,Arthropoda
Insecta,28.4,83.8167,Arthropoda
Liliopsida,28.4,83.8167,Arthropoda
Magnoliopsida,28.4,83.8167,Magnoliophyta
Magnoliopsida,28.4,83.8167,Magnoliophyta
Bryopsida,28.4,83.8167,Magnoliophyta
Bryopsida,28.4,83.8167,Bryophyta
Magnoliopsida,28.4,83.8167,Bryophyta
Insecta,28.4,83.8167,Magnoliophyta
Insecta,27.05,87.22,Arthropoda
Jungermanniopsida,29.25,82.25,Arthropoda
Insecta,29.25,82.25,Marchantiophyta
Insecta,29.25,82.25,Arthropoda
Insecta,29.25,82.25,Arthropoda
Insecta,29.25,82.25,Arthropoda
Insecta,29.25,82.25,Arthropoda
Insecta,27.967,85,Arthropoda
Insecta,27.5909,83.7209,Arthropoda
Pinopsida,27.5909,83.7209,Arthropoda
Insecta,27.5909,83.7209,Pinophyta
Insecta,27.5909,83.7209,Arthropoda
Insecta,27.5909,83.7209,Arthropoda
Insecta,27.5909,83.7209,Arthropoda
Magnoliopsida,27.5996,83.7273,Arthropoda
Liliopsida,27.196,87.462,Magnoliophyta
Magnoliopsida,27.13,87.403,Magnoliophyta
Insecta,27.285,87.506,Magnoliophyta
Insecta,27.285,87.506,Arthropoda
Malacostraca,27.285,87.506,Arthropoda
Malacostraca,27.911,85.54,Arthropoda
Malacostraca,27.911,85.54,Arthropoda
Actinopterygii,26.94,85.024,Arthropoda
Actinopterygii,26.94,85.024,Chordata
Mammalia,26.94,85.024,Chordata
Magnoliopsida,26.94,85.024,Chordata
Magnoliopsida,26.94,85.024,Magnoliophyta
Insecta,26.94,85.024,Magnoliophyta
Insecta,26.94,85.024,Arthropoda
Gastropoda,26.94,85.024,Arthropoda
Bivalvia,26.94,85.024,Mollusca
Bivalvia,26.94,85.024,Mollusca
Insecta,26.94,85.024,Mollusca
Chromadorea,26.94,85.024,Arthropoda
Actinopterygii,26.94,85.024,Nematoda
Actinopterygii,26.94,85.024,Chordata
Insecta,28.5535,81.2766,Chordata
Insecta,28.5535,81.2766,Arthropoda
Insecta,28.5535,81.2766,Arthropoda
Insecta,28.5535,81.2766,Arthropoda
Insecta,28.5535,81.2766,Arthropoda
Insecta,28.5535,81.2766,Arthropoda
Insecta,28.5535,81.2766,Arthropoda
Cestoda,28.5535,81.2766,Arthropoda
Liliopsida,28.5535,81.2766,Platyhelminthes
Magnoliopsida,28.5535,81.2766,Magnoliophyta
Magnoliopsida,28.5535,81.2766,Magnoliophyta
Magnoliopsida,28.5535,81.2766,Magnoliophyta
Magnoliopsida,28.5535,81.2766,Magnoliophyta
Magnoliopsida,28.5535,81.2766,Magnoliophyta
Magnoliopsida,28.5535,81.2766,Magnoliophyta
Magnoliopsida,28.5535,81.2766,Magnoliophyta
Magnoliopsida,28.5535,81.2766,Magnoliophyta
Magnoliopsida,28.5535,81.2766,Magnoliophyta
Magnoliopsida,28.5535,81.2766,Magnoliophyta
Insecta,28.5535,81.2766,Magnoliophyta
Insecta,28.4,83.6833,Arthropoda
Insecta,28.4,83.6833,Arthropoda
Insecta,28.4,83.6833,Arthropoda
Jungermanniopsida,28.4,83.6833,Arthropoda
Bryopsida,28.4,83.6833,Marchantiophyta
Jungermanniopsida,28.4,83.6833,Bryophyta
Magnoliopsida,28.4,83.6833,Marchantiophyta
Magnoliopsida,28.4,83.6833,Magnoliophyta
Insecta,28.4,83.6833,Magnoliophyta
Insecta,28.4,83.6833,Arthropoda
Bryopsida,29.05,82.55,Arthropoda
Insecta,29.05,82.55,Bryophyta
Insecta,29.05,82.55,Arthropoda
Insecta,29.05,82.55,Arthropoda
Insecta,28.1567,85.2385,Arthropoda
Insecta,29.1749,82.1748,Arthropoda
Insecta,29.1749,82.1748,Arthropoda
Insecta,27.967,85,Arthropoda
Insecta,27.967,85,Arthropoda
Insecta,27.5909,83.7209,Arthropoda
Insecta,27.5909,83.7209,Arthropoda
Insecta,27.5942,83.7124,Arthropoda
Insecta,27.5996,83.7273,Arthropoda
Insecta,27.5996,83.7273,Arthropoda
Insecta,27.5909,83.7209,Arthropoda
Liliopsida,27.5909,83.7209,Arthropoda
Magnoliopsida,27.5909,83.7209,Magnoliophyta
Insecta,28.738,82.962,Magnoliophyta
Mammalia,28.738,82.962,Arthropoda
Magnoliopsida,28.738,82.962,Chordata
Magnoliopsida,28.738,82.962,Magnoliophyta
Magnoliopsida,28.738,82.962,Magnoliophyta
Magnoliopsida,28.738,82.962,Magnoliophyta
Chlorophyceae,28.738,82.962,Magnoliophyta
Insecta,28.738,82.962,Chlorophyta
Actinopterygii,28.738,82.962,Arthropoda
Actinopterygii,28.738,82.962,Chordata
Actinopterygii,28.738,82.962,Chordata
Actinopterygii,28.738,82.962,Chordata
Chromadorea,28.5408,81.1734,Chordata
Insecta,27.628,85.276,Nematoda
Insecta,27.628,85.276,Arthropoda
Insecta,27.628,85.276,Arthropoda
Insecta,27.628,85.276,Arthropoda
Insecta,27.628,85.276,Arthropoda
Insecta,27.628,85.276,Arthropoda
Trematoda,27.628,85.276,Arthropoda
Liliopsida,27.628,85.276,Platyhelminthes
Pinopsida,27.628,85.276,Magnoliophyta
Magnoliopsida,27.628,85.276,Pinophyta
Magnoliopsida,27.628,85.276,Magnoliophyta
Magnoliopsida,27.628,85.276,Magnoliophyta
Magnoliopsida,27.628,85.276,Magnoliophyta
Magnoliopsida,27.628,85.276,Magnoliophyta
Insecta,27.628,85.276,Magnoliophyta
Insecta,27.628,85.276,Arthropoda
Insecta,27.628,85.276,Arthropoda
Insecta,28.4167,83.8667,Arthropoda
Insecta,28.4167,83.8667,Arthropoda
Insecta,28.1833,85.3,Arthropoda
Insecta,28.1667,85.2333,Arthropoda
Insecta,27.7062,85.3111,Arthropoda
Insecta,27.7062,85.3111,Arthropoda
Insecta,28.6667,84.0167,Arthropoda
Insecta,28.6667,84.0167,Arthropoda
Insecta,28.6667,84.0167,Arthropoda
Liliopsida,28.6667,84.0167,Arthropoda
Magnoliopsida,28.6667,84.0167,Magnoliophyta
Magnoliopsida,28.6667,84.0167,Magnoliophyta
Oomycota,28.6667,84.0167,Magnoliophyta
Oomycota,28.6667,84.0167,Heterokontophyta
Insecta,28.6667,84.0167,Heterokontophyta
Insecta,28.6667,84.0167,Arthropoda
Insecta,27.32,86.35,Arthropoda
Insecta,27.32,86.35,Arthropoda
Insecta,27.32,86.35,Arthropoda
Insecta,27.32,86.35,Arthropoda
Insecta,28.23,83.98,Arthropoda
Insecta,27.9859,85.0727,Arthropoda
Insecta,27.9859,85.0727,Arthropoda
Insecta,28.297,83.8185,Arthropoda
Insecta,28.75,83.75,Arthropoda
Agaricomycetes,27.5996,83.7273,Arthropoda
Insecta,27.5996,83.7273,Basidiomycota
Insecta,27.5996,83.7273,Arthropoda
Insecta,27.5996,83.7273,Arthropoda
